KM832932.1	Eukaryota;Arthropoda;Arachnida;Oribatida;Ceratozetidae;Ceratozetes;Ceratozetes gracilis
KF389329.1	Eukaryota;Arthropoda;Insecta;Lepidoptera;Hesperiidae;Cephrenes;Cephrenes augiades
JX838398.1	Eukaryota;Arthropoda;Arachnida;Oribatida;Ceratoppiidae;Ceratoppia;Ceratoppia sp. BOLD:AAC4607
KU875193.1	Eukaryota;Arthropoda;Arachnida;Opiliones;Ceratolasmatidae;Hesperonemastoma;Hesperonemastoma modestum
KR714290.1	Eukaryota;Arthropoda;Insecta;Diptera;Chironomidae;NA;Orthocladiinae sp. BOLD-2016
FJ197685.1	Eukaryota;Mollusca;Gastropoda;NA;Haliotidae;Haliotis;Haliotis diversicolor
JQ555361.1	Eukaryota;Arthropoda;Insecta;Lepidoptera;Saturniidae;Othorene;Othorene sp. veranaDHJ01
EF028501.1	Eukaryota;Arthropoda;Insecta;Hymenoptera;Colletidae;Colletes;Colletes eous
KU312621.1	Eukaryota;Mollusca;Gastropoda;NA;Lepetodrilidae;Lepetodrilus;Lepetodrilus sp. CNR-2015
KR040982.1	Eukaryota;Arthropoda;Insecta;Hemiptera;Cicadellidae;Macrosteles;Macrosteles quadrilineatus
KR572551.1	Eukaryota;Arthropoda;Insecta;Hemiptera;Miridae;Lygus;Lygus lineolaris
EU751217.1	Eukaryota;Rotifera;Bdelloidea;Philodinida;Philodinidae;Macrotrachela;Macrotrachela latior
KR120680.1	Eukaryota;Arthropoda;Insecta;Coleoptera;Cerambycidae;Pidonia;Pidonia sp. BOLD:AAC9780
KP655469.1	Eukaryota;Arthropoda;Arachnida;Araneae;Salticidae;Eris;Eris militaris
KU552308.1	Eukaryota;Arthropoda;Arachnida;Araneae;Dictynidae;Cicurina;Cicurina sp. TK190969
GU699756.1	Eukaryota;Arthropoda;Insecta;Lepidoptera;NA;NA;Lepidoptera sp. BOLD:AAA9882
KR650085.1	Eukaryota;Arthropoda;Insecta;Diptera;Ceratopogonidae;Forcipomyia;Forcipomyia sp. BOLD-2016
KC146115.1	Eukaryota;Tardigrada;Eutardigrada;Parachela;Macrobiotidae;Macrobiotus;Macrobiotus hufelandi grp. sp. F6441
AY050099.1	Eukaryota;Arthropoda;Malacostraca;Decapoda;Aeglidae;Aegla;Aegla pewenchae
KM645292.1	Eukaryota;Arthropoda;Insecta;Diptera;Ceratopogonidae;NA;Ceratopogonidae sp. BOLD:ABV9354
KX060732.1	Eukaryota;Chordata;Actinopteri;Gymnotiformes;Hypopomidae;Brachyhypopomus;Brachyhypopomus occidentalis
