KY409224.1	Eukaryota;Chordata;Mammalia;Primates;Hominidae;Homo;Homo sapiens
DQ356556.1	Eukaryota;Arthropoda;Maxillopoda;Calanoida;Centropagidae;Boeckella;Boeckella gracilis
KJ010297.1	Eukaryota;Arthropoda;Maxillopoda;Sessilia;Chthamalidae;Chthamalus;Chthamalus moro
KM552050.1	Eukaryota;Arthropoda;Insecta;Lepidoptera;Noctuidae;Graphiphora;Graphiphora augur
KJ084662.1	Eukaryota;Arthropoda;Insecta;Diptera;Dolichopodidae;NA;Dolichopodidae sp. BOLD:ABW3651
KR179128.1	Eukaryota;Arthropoda;Insecta;Diptera;Chironomidae;NA;Chironomidae sp. BOLD:AAN5392
AB278289.1	Eukaryota;Arthropoda;Insecta;Coleoptera;Cerambycidae;Mesechthistatus;Mesechthistatus binodosus
KU146138.1	Eukaryota;Arthropoda;Insecta;Hymenoptera;Formicidae;Odontomachus;Odontomachus turneri
JQ921301.1	Eukaryota;Arthropoda;Malacostraca;Isopoda;Asellidae;Proasellus;Proasellus meridianus
KM837934.1	Eukaryota;Arthropoda;Arachnida;Araneae;Salticidae;Phidippus;Phidippus johnsoni
KX293459.1	Eukaryota;Arthropoda;Insecta;Trichoptera;Leptoceridae;Notalina;Notalina sp. MDFRC-TR0367
HQ023690.1	Eukaryota;Annelida;Polychaeta;Phyllodocida;Pholoidae;Pholoe;Pholoe sp. CMC03
KR375207.1	Eukaryota;Arthropoda;Insecta;Hymenoptera;Platygastridae;NA;Platygastridae sp. BOLD:ACB0797
KR275514.1	Eukaryota;Arthropoda;Insecta;Diptera;Chironomidae;NA;Chironomidae sp. BOLD:ACL7786
KM858728.1	Eukaryota;Arthropoda;Insecta;Diptera;Cecidomyiidae;NA;Cecidomyiidae sp. BOLD:AAV5793
FJ867831.1	Eukaryota;Arthropoda;Insecta;Coleoptera;Belidae;Basiliobelus;Basiliobelus flavovittatus
GU093585.1	Eukaryota;Arthropoda;Insecta;Lepidoptera;Noctuidae;Polia;Polia imbrifera
KM988191.1	Eukaryota;Arthropoda;Insecta;Diptera;Ceratopogonidae;NA;Ceratopogonidae sp. BOLD:AAG6431
KR577047.1	Eukaryota;Arthropoda;Insecta;Hemiptera;Membracidae;Tortistilus;Tortistilus wickhami
JF754434.1	Eukaryota;Arthropoda;Insecta;Lepidoptera;Hesperiidae;Zera;Zera sp. Burns01DHJ03
KR693544.1	Eukaryota;Arthropoda;Insecta;Diptera;Ceratopogonidae;NA;Ceratopogonidae sp. BOLD-2016
KR644035.1	Eukaryota;Arthropoda;Insecta;Diptera;Dolichopodidae;Dolichopus;Dolichopus diversipennis
FJ845833.1	Eukaryota;Arthropoda;Maxillopoda;Sessilia;Chthamalidae;Chthamalus;Chthamalus angustitergum
GU131316.1	Eukaryota;Mollusca;Gastropoda;NA;Conidae;Conasprella;Conasprella pseudorbignyi
KR379061.1	Eukaryota;Arthropoda;Insecta;Psocoptera;Caeciliusidae;Valenzuela;Valenzuela sp. BOLD:AAH3228
