JQ561957.1	Eukaryota;Arthropoda;Insecta;Lepidoptera;Notodontidae;Disphragis;Disphragis sp. tharisDHJ01
KR899867.1	Eukaryota;Arthropoda;Insecta;Hymenoptera;Formicidae;Myrmica;Myrmica sp. BOLD-2016
KY658653.1	Bacteria;Proteobacteria;Alphaproteobacteria;Rickettsiales;Anaplasmataceae;Wolbachia;Wolbachia pipientis
KR336914.1	Eukaryota;Arthropoda;Malacostraca;Amphipoda;Paracalliopiidae;Paracalliope;Paracalliope fluviatilis
GQ395922.1	Eukaryota;Arthropoda;Insecta;Diptera;Culicidae;Anopheles;Anopheles subpictus
MF127043.1	Eukaryota;Arthropoda;Insecta;Lepidoptera;Erebidae;Idia;Idia rotundalis
KJ966870.1	Eukaryota;Arthropoda;Insecta;Coleoptera;Hydrophilidae;Cercyon;Cercyon convexiusculus
KY409465.1	Eukaryota;Chordata;Mammalia;Primates;Hominidae;Homo;Homo sapiens
JN641254.1	Eukaryota;Chordata;Chondrichthyes;NA;Squatinidae;Squatina;Squatina squatina
MF056600.1	Eukaryota;Chordata;Mammalia;Primates;Hominidae;Homo;Homo sapiens
KX049722.1	Eukaryota;Arthropoda;Insecta;Lepidoptera;Geometridae;Eulithis;Eulithis populata
KR513767.1	Eukaryota;Arthropoda;Insecta;Diptera;Cecidomyiidae;NA;Cecidomyiidae sp. BOLD-2016
KR980140.1	Eukaryota;Arthropoda;Insecta;Diptera;Sciaridae;NA;Sciaridae sp. BOLD-2016
KR284580.1	Eukaryota;Arthropoda;Insecta;Diptera;Chironomidae;Gymnometriocnemus;Gymnometriocnemus sp. 2 TE-2010
KT606162.1	Eukaryota;Arthropoda;Insecta;Lepidoptera;Gelechiidae;Bryotropha;Bryotropha hodgesi
KU705690.1	Eukaryota;Nematoda;Chromadorea;Tylenchida;Sphaerulariidae;Deladenus;Deladenus proximus
KR165778.1	Eukaryota;Arthropoda;Insecta;Diptera;Chironomidae;NA;Chironomidae sp. BOLD:AAN5392
KM441648.1	Eukaryota;Arthropoda;Insecta;Coleoptera;Carabidae;Bembidion;Bembidion litorale
KR655703.1	Eukaryota;Arthropoda;Insecta;Diptera;Chironomidae;NA;Chironominae sp. BOLD-2016
KR589957.1	Eukaryota;Arthropoda;Insecta;Diptera;Chironomidae;Metriocnemus;Metriocnemus sp. BOLD-2016
KM847463.1	Eukaryota;Arthropoda;Insecta;Coleoptera;Anobiidae;Hadrobregmus;Hadrobregmus notatus
KR443069.1	Eukaryota;Arthropoda;Insecta;Diptera;Phoridae;Megaselia;Megaselia sp. BOLD-2016
JQ841308.1	Eukaryota;Chordata;Actinopteri;Ophidiiformes;Ophidiidae;NA;Ophidiidae sp. BOLD:AAG4344
JX127878.1	Eukaryota;Arthropoda;Malacostraca;Decapoda;Cambaridae;Cambarellus;Cambarellus chapalanus
JQ346686.1	Eukaryota;Arthropoda;Arachnida;Ixodida;Ixodidae;Haemaphysalis;Haemaphysalis longicornis
KU353708.1	Eukaryota;Chordata;Mammalia;Primates;Hominidae;Pan;Pan paniscus
KM997961.1	Eukaryota;Arthropoda;Insecta;Hymenoptera;NA;NA;Hymenoptera sp. BOLD:ABZ7151
MF539508.1	Eukaryota;Arthropoda;Insecta;Coleoptera;Carabidae;Microcharidius;Microcharidius bazi
KR289919.1	Eukaryota;Arthropoda;Insecta;Diptera;Chironomidae;Gymnometriocnemus;Gymnometriocnemus brumalis
DQ324574.1	Eukaryota;Arthropoda;Insecta;Phthiraptera;Polyplacidae;Fahrenholzia;Fahrenholzia ehrlichi
JQ806916.1	Eukaryota;Arthropoda;Insecta;Diptera;Calliphoridae;Calliphora;Calliphora vomitoria
KY836139.1	Eukaryota;Arthropoda;Insecta;Hymenoptera;Mymaridae;Polynema;Polynema sp. BIOUG04746-E11
JN620553.1	Eukaryota;Arthropoda;Insecta;Hymenoptera;Braconidae;Aphidius;Aphidius ervi
GU442580.1	Eukaryota;Arthropoda;Maxillopoda;Pedunculata;Pollicipedidae;Pollicipes;Pollicipes polymerus
KR292842.1	Eukaryota;Arthropoda;Insecta;Diptera;Chironomidae;NA;Chironomidae sp. BOLD:ACC1222
JF926129.1	Eukaryota;Arthropoda;Malacostraca;Decapoda;Atyidae;Caridina;Caridina rubella
HQ004433.1	Eukaryota;Arthropoda;Insecta;Lepidoptera;Nymphalidae;Erebia;Erebia pandrose
LC326802.1	Eukaryota;Arthropoda;Insecta;Odonata;Libellulidae;Pantala;Pantala flavescens
KR412013.1	Eukaryota;Arthropoda;Insecta;Hymenoptera;Ichneumonidae;Stenomacrus;Stenomacrus sp. BOLD:AAH1490
JX255954.1	Eukaryota;Chordata;Aves;Passeriformes;Turdidae;Monticola;Monticola gularis
KX041517.1	Eukaryota;Arthropoda;Insecta;Lepidoptera;Tortricidae;Ancylis;Ancylis achatana
KM899405.1	Eukaryota;Arthropoda;Insecta;Diptera;Tabanidae;Chrysops;Chrysops sp. BOLD:AAA8870
KR087928.1	Eukaryota;Chordata;Amphibia;Anura;Rhacophoridae;Rhacophorus;Rhacophorus rhodopus
KR789739.1	Eukaryota;Arthropoda;Insecta;Hymenoptera;Ichneumonidae;Orthocentrus;Orthocentrus sp. BOLD-2016
