GU089042.1	Eukaryota;Arthropoda;Insecta;Lepidoptera;Noctuidae;Morrisonia;Morrisonia confusa
GU115101.1	Eukaryota;Arthropoda;Insecta;Ephemeroptera;Baetidae;Baetis;Baetis brunneicolor
GQ368405.1	Eukaryota;Chaetognatha;Sagittoidea;Aphragmophora;Sagittidae;Sagitta;Sagitta lyra
KR439253.1	Eukaryota;Arthropoda;Insecta;Diptera;Empididae;Rhamphomyia;Rhamphomyia sp. BOLD-2016
KP063099.1	Eukaryota;Chordata;Actinopteri;Siluriformes;Pseudopimelodidae;Microglanis;Microglanis cottoides
KR394388.1	Eukaryota;Arthropoda;Insecta;Diptera;Chloropidae;NA;Oscinellinae sp. BOLD:ABV0271
KR215209.1	Eukaryota;Arthropoda;Insecta;Diptera;Cecidomyiidae;NA;Cecidomyiidae sp. BOLD:ACA4682
AF125434.1	Eukaryota;Arthropoda;Malacostraca;Decapoda;Nematocarcinidae;Nematocarcinus;Nematocarcinus ensifer
HQ201049.1	Eukaryota;Arthropoda;Insecta;Hymenoptera;Braconidae;Heterospilus;Heterospilus sp. BOLD:AAI1766
HM425045.1	Eukaryota;Arthropoda;Insecta;Lepidoptera;Geometridae;NA;Geometrinae sp. BOLD:AAG5312
KF603939.1	Eukaryota;Arthropoda;Pycnogonida;Pantopoda;Pallenopsidae;Pallenopsis;Pallenopsis patagonica
KR808331.1	Eukaryota;Arthropoda;Insecta;Hymenoptera;Eulophidae;NA;Eulophidae sp. BOLD-2016
KY091894.1	Eukaryota;Chordata;Mammalia;Primates;Hominidae;Homo;Homo sapiens
KF918952.1	Eukaryota;Chordata;Actinopteri;Perciformes;Sebastidae;Sebastes;Sebastes melanops
JN025857.1	Eukaryota;Chordata;Actinopteri;Perciformes;Percidae;Etheostoma;Etheostoma fonticola
KF563059.1	Eukaryota;Arthropoda;Insecta;Ephemeroptera;Baetidae;Nigrobaetis;Nigrobaetis sp. D MK-2013
