AB853729.1	Bacteria;Firmicutes;Bacilli;Bacillales;Bacillaceae;Bacillus;Bacillus sp. A5
NR_116246.1	Bacteria;Proteobacteria;Gammaproteobacteria;Enterobacterales;Erwiniaceae;Pantoea;Pantoea eucrina
JQ073791.1	Bacteria;Proteobacteria;Alphaproteobacteria;Rhodobacterales;Rhodobacteraceae;Citreicella;Citreicella thiooxidans
KY015121.1	Bacteria;Actinobacteria;Actinobacteria;Micromonosporales;Micromonosporaceae;Micromonospora;Micromonospora sp.
KY302202.1	Bacteria;Actinobacteria;Actinobacteria;Micrococcales;Microbacteriaceae;Cryobacterium;Cryobacterium psychrotolerans
HQ540792.1	Bacteria;Actinobacteria;Actinobacteria;Pseudonocardiales;Pseudonocardiaceae;Pseudonocardia;Pseudonocardia sp. JS020524-10
NR_115079.1	Bacteria;Actinobacteria;Actinobacteria;Micrococcales;Micrococcaceae;Paeniglutamicibacter;Paeniglutamicibacter antarcticus
AY332143.1	Bacteria;Actinobacteria;Actinobacteria;NA;NA;NA;actinobacterium GWS-AG-H271
JN091092.1	Bacteria;Firmicutes;Bacilli;Lactobacillales;Lactobacillaceae;Lactobacillus;Lactobacillus pentosus
KX607282.1	Bacteria;Actinobacteria;Actinobacteria;Corynebacteriales;Mycobacteriaceae;Mycobacterium;Mycobacterium sp.
AF268011.1	Bacteria;Cyanobacteria;NA;Nostocales;Aphanizomenonaceae;Nodularia;Nodularia spumigena
JQ800470.1	Bacteria;Actinobacteria;Actinobacteria;Corynebacteriales;Corynebacteriaceae;Corynebacterium;Corynebacterium falsenii
KU955703.1	Bacteria;Firmicutes;Bacilli;Bacillales;Bacillaceae;Halobacillus;Halobacillus dabanensis
FR744781.1	Bacteria;Proteobacteria;Gammaproteobacteria;Xanthomonadales;Xanthomonadaceae;Stenotrophomonas;Stenotrophomonas sp. MAR386
