GU132402.1	Eukaryota;Arthropoda;Maxillopoda;Calanoida;Centropagidae;Centropages;Centropages typicus
KR483743.1	Eukaryota;Arthropoda;Insecta;Coleoptera;Chrysomelidae;Paria;Paria fragariae
KM867088.1	Eukaryota;Arthropoda;Insecta;Diptera;Bibionidae;Bibio;Bibio longipes
KR953217.1	Eukaryota;Arthropoda;Insecta;Diptera;Cecidomyiidae;NA;Cecidomyiidae sp. BOLD-2016
KR052035.1	Eukaryota;Arthropoda;Insecta;Mantodea;NA;NA;Mantodea sp. C1
KR223412.1	Eukaryota;Arthropoda;Insecta;Diptera;Cecidomyiidae;NA;Cecidomyiidae sp. BOLD:AAZ5621
KT150829.1	Eukaryota;Mollusca;Gastropoda;NA;Phasianellidae;Tricolia;Tricolia insignis
HM386447.1	Eukaryota;Arthropoda;Insecta;Lepidoptera;Pieridae;Colotis;Colotis daira
