GU939713.1	Bacteria;Proteobacteria;Gammaproteobacteria;Pseudomonadales;Pseudomonadaceae;Pseudomonas;Pseudomonas sp. GCDBb4
AJ391202.1	Bacteria;Proteobacteria;Gammaproteobacteria;Alteromonadales;Pseudoalteromonadaceae;Pseudoalteromonas;Pseudoalteromonas sp. AS-41
HF568997.1	Eukaryota;Basidiomycota;Tremellomycetes;Filobasidiales;Filobasidiaceae;Goffeauzyma;Goffeauzyma gastrica
JX854302.1	Bacteria;Bacteroidetes;Flavobacteriia;Flavobacteriales;Flavobacteriaceae;Arenibacter;Arenibacter sp. TBL_84
