KF051089.1	Bacteria;Bacteroidetes;Flavobacteriia;Flavobacteriales;Flavobacteriaceae;Flavobacterium;Flavobacterium columnare
GU933557.1	Bacteria;Actinobacteria;Actinobacteria;Streptomycetales;Streptomycetaceae;Streptomyces;Streptomyces sp. MJ509
KY405995.1	Bacteria;Proteobacteria;Gammaproteobacteria;Pseudomonadales;Moraxellaceae;Psychrobacter;Psychrobacter sp.
GQ358938.1	Bacteria;Proteobacteria;Gammaproteobacteria;Pseudomonadales;Moraxellaceae;Psychrobacter;Psychrobacter sp. BSw21515
AB302362.1	Bacteria;Proteobacteria;Alphaproteobacteria;NA;NA;NA;alpha proteobacterium A15
KT808482.1	Eukaryota;Ascomycota;Eurotiomycetes;Pyrenulales;Pyrenulaceae;Anthracothecium;Anthracothecium prasinum
KT720051.1	Bacteria;Firmicutes;Bacilli;Bacillales;Bacillaceae;Bacillus;Bacillus humi
AJ421150.1	Eukaryota;NA;Cryptophyta;Cryptomonadales;Cryptomonadaceae;Cryptomonas;Cryptomonas pyrenoidifera
NR_041626.1	Bacteria;Bacteroidetes;Bacteroidia;Bacteroidales;Prevotellaceae;Paraprevotella;Paraprevotella clara
HE575922.1	Bacteria;Proteobacteria;Betaproteobacteria;Burkholderiales;Comamonadaceae;Comamonas;Comamonas testosteroni
HQ677594.1	Eukaryota;Zoopagomycota;Entomophthoromycetes;Entomophthorales;Entomophthoraceae;Pandora;Pandora nouryi
HQ848102.1	Bacteria;Proteobacteria;Gammaproteobacteria;Pseudomonadales;Pseudomonadaceae;Pseudomonas;Pseudomonas argentinensis
JF922313.1	Bacteria;Bacteroidetes;Chitinophagia;Chitinophagales;Chitinophagaceae;Chitinophaga;Chitinophaga sp. WW1(2011)
KC815748.1	Bacteria;Firmicutes;Bacilli;Bacillales;Bacillaceae;Bacillus;Bacillus sp. 17B3Y11
