AB712484.1	Eukaryota;Basidiomycota;Dacrymycetes;Dacrymycetales;Cerinomycetaceae;Cerinomyces;Cerinomyces ceraceus
MF766336.1	Eukaryota;Ascomycota;Lichinomycetes;Lichinales;Peltulaceae;Peltula;Peltula zahlbruckneri
KP453320.1	Bacteria;Proteobacteria;Gammaproteobacteria;Pseudomonadales;Pseudomonadaceae;Pseudomonas;Pseudomonas aeruginosa
KU359941.1	Bacteria;Firmicutes;Bacilli;Lactobacillales;Lactobacillaceae;Lactobacillus;Lactobacillus plantarum
KY302105.1	Bacteria;Proteobacteria;Alphaproteobacteria;Sphingomonadales;Sphingomonadaceae;Sphingomonas;Sphingomonas psychrolutea
