KF367999.1	Eukaryota;Arthropoda;Arachnida;Araneae;Dictynidae;Dictyna;Dictyna major
KR560951.1	Eukaryota;Arthropoda;Insecta;Hemiptera;Cicadellidae;Empoasca;Empoasca sp. BOLD-2016
KR142087.1	Eukaryota;Arthropoda;Insecta;Trichoptera;Hydroptilidae;Hydroptila;Hydroptila hamata
KU986012.1	Eukaryota;Chordata;NA;Squamata;Colubridae;Nerodia;Nerodia taxispilota
KR651373.1	Eukaryota;Arthropoda;Insecta;Diptera;Dolichopodidae;Rhaphium;Rhaphium sp. BOLD-2016
KR879381.1	Eukaryota;Arthropoda;Insecta;Hymenoptera;Eulophidae;NA;Eulophidae sp. BOLD-2016
KR419277.1	Eukaryota;Arthropoda;Insecta;Hymenoptera;Diapriidae;NA;Diapriidae sp. BOLD:AAU9378
JQ798729.1	Eukaryota;Gastrotricha;NA;Chaetonotida;Chaetonotidae;Halichaetonotus;Halichaetonotus sp. 2 TK-2012
KP256429.1	Eukaryota;Chordata;Actinopteri;Characiformes;Serrasalmidae;Pygocentrus;Pygocentrus nattereri
KX779655.1	Eukaryota;Arthropoda;Insecta;Diptera;Culicidae;Anopheles;Anopheles sinensis
HM572184.1	Eukaryota;Mollusca;Cephalopoda;Octopoda;Octopodidae;Benthoctopus;Benthoctopus cf. rigbyae AS
KR964136.1	Eukaryota;Arthropoda;Insecta;Diptera;Chironomidae;NA;Chironomidae sp. BOLD-2016
EF080562.1	Eukaryota;Chordata;Mammalia;Chiroptera;Phyllostomidae;Platyrrhinus;Platyrrhinus aurarius
LT602656.1	Eukaryota;Arthropoda;Insecta;Coleoptera;Hydraenidae;Ochthebius;Ochthebius sp. IBE-AN382
KR628567.1	Eukaryota;Arthropoda;Insecta;Diptera;Culicidae;Aedes;Aedes sp. BOLD-2016
MF804612.1	Eukaryota;Arthropoda;Insecta;Coleoptera;NA;NA;Coleoptera sp. USNM ENT 01117142
KJ198507.1	Eukaryota;Chordata;Mammalia;Chiroptera;Vespertilionidae;Murina;Murina gracilis
LC106863.1	Eukaryota;Arthropoda;Insecta;Ephemeroptera;Isonychiidae;Isonychia;Isonychia japonica
GU654333.1	Eukaryota;Arthropoda;Insecta;Lepidoptera;NA;NA;Lepidoptera sp. BOLD:AAA3123
KM286812.1	Eukaryota;Chordata;Actinopteri;Cypriniformes;Cyprinidae;Phoxinus;Phoxinus phoxinus
KF398615.1	Eukaryota;Arthropoda;Insecta;Lepidoptera;Xyloryctidae;Lichenaula;Lichenaula sp. ANIC41
KM559849.1	Eukaryota;Arthropoda;Insecta;Hymenoptera;Platygastridae;Platygaster;Platygaster sp. BOLD:AAU8919
KJ083448.1	Eukaryota;Arthropoda;Insecta;Coleoptera;Elateridae;Melanotus;Melanotus morosus
KR451357.1	Eukaryota;Arthropoda;Insecta;Lepidoptera;Tortricidae;Argyrotaenia;Argyrotaenia mariana
KR932519.1	Eukaryota;Arthropoda;Insecta;Hymenoptera;Scelionidae;Telenomus;Telenomus sp. BOLD-2016
KP042500.1	Eukaryota;Arthropoda;Insecta;Diptera;Phoridae;NA;Phoridae sp. BOLD:AAU8534
