D85136.1	Eukaryota;Ascomycota;Sordariomycetes;Hypocreales;Cordycipitaceae;Isaria;Isaria tenuipes
MF085451.1	Eukaryota;Ascomycota;Eurotiomycetes;Chaetothyriales;NA;NA;Chaetothyriales sp.
HQ850379.1	Bacteria;Actinobacteria;Actinobacteria;Micromonosporales;Micromonosporaceae;Micromonospora;Micromonospora sp. TJ-41
AB733567.1	Bacteria;Firmicutes;Bacilli;Bacillales;Bacillaceae;Bacillus;Bacillus sp. MBEP23
AF121889.1	Bacteria;Planctomycetes;Planctomycetia;Planctomycetales;Planctomycetaceae;NA;bacterium 2BP-58
EU434448.1	Bacteria;Proteobacteria;Alphaproteobacteria;Caulobacterales;Caulobacteraceae;Brevundimonas;Brevundimonas diminuta
EU747695.1	Bacteria;Proteobacteria;Gammaproteobacteria;Pseudomonadales;Pseudomonadaceae;Pseudomonas;Pseudomonas sp. S28
KM242490.1	Bacteria;Proteobacteria;Gammaproteobacteria;Enterobacterales;Enterobacteriaceae;Citrobacter;Citrobacter sp. INBio_4046E
HE576999.1	Bacteria;Proteobacteria;Alphaproteobacteria;Rhodobacterales;Rhodobacteraceae;Roseovarius;Roseovarius sp. RP15
