HQ923639.1	Eukaryota;Arthropoda;Insecta;Lepidoptera;Geometridae;Dichromodes;Dichromodes mesotoma
KP982061.1	Eukaryota;Arthropoda;Arachnida;Araneae;Tetragnathidae;Sancus;Sancus acoreensis
KP870259.1	Eukaryota;Arthropoda;Insecta;Lepidoptera;Lycaenidae;Callophrys;Callophrys rubi
JQ431952.1	Eukaryota;Chordata;Actinopteri;Tetraodontiformes;Ostraciidae;Ostracion;Ostracion meleagris
KR249317.1	Eukaryota;Arthropoda;Insecta;Diptera;Sciaridae;Corynoptera;Corynoptera melanochaeta
JN300377.1	Eukaryota;Arthropoda;Insecta;Hymenoptera;Ichneumonidae;NA;Ichneumonidae sp. BOLD:AAG7687
KU341870.1	Eukaryota;Mollusca;Bivalvia;Arcoida;Arcidae;Scapharca;Scapharca broughtonii
KR010300.1	Eukaryota;Echinodermata;Crinoidea;Comatulida;Comatulidae;Phanogenia;Phanogenia typica
HQ730800.1	Eukaryota;Chordata;Ascidiacea;Stolidobranchia;Styelidae;Styela;Styela clava
KT078347.1	Eukaryota;Arthropoda;Insecta;Diptera;Phoridae;NA;Phoridae sp. BOLD-2016
KF646130.1	Eukaryota;Arthropoda;Insecta;Lepidoptera;Choreutidae;Niveas;Niveas kone
KT099068.1	Eukaryota;Arthropoda;Insecta;Diptera;Phoridae;NA;Phoridae BOLD-2016
KR795109.1	Eukaryota;Arthropoda;Insecta;Hymenoptera;Ichneumonidae;NA;Ichneumoninae sp. BOLD-2016
HM052836.1	Eukaryota;Arthropoda;Insecta;Hemiptera;Issidae;Gergithus;Gergithus sp. LZ-2010
JF903555.1	Eukaryota;Arthropoda;Insecta;Hymenoptera;Halictidae;Lasioglossum;Lasioglossum sedi
KU058145.1	Eukaryota;Mollusca;Gastropoda;NA;Placobranchidae;Thuridilla;Thuridilla hopei
KT110684.1	Eukaryota;Arthropoda;Insecta;Diptera;Phoridae;Megaselia;Megaselia sp. BOLD-2016
KJ554835.1	Eukaryota;Chordata;Actinopteri;Cypriniformes;Cyprinidae;Scardinius;Scardinius plotizza
GU686860.1	Eukaryota;Arthropoda;Insecta;Lepidoptera;Geometridae;Scopula;Scopula immorata
KJ086086.1	Eukaryota;Arthropoda;Insecta;Diptera;Phoridae;NA;Phoridae sp. BOLD:AAG3302
KJ408488.1	Eukaryota;Arthropoda;Diplopoda;Glomerida;Trachysphaeridae;Trachysphaera;Trachysphaera lobata
KU946829.1	Eukaryota;Mollusca;Bivalvia;Unionoida;Unionidae;Potamida;Potomida littoralis
KU901463.1	Eukaryota;Cnidaria;Scyphozoa;Rhizostomeae;Mastigiidae;Mastigias;Mastigias papua
KY410099.1	Eukaryota;Chordata;Mammalia;Primates;Hominidae;Homo;Homo sapiens
KU221193.1	Eukaryota;Chordata;Ascidiacea;Enterogona;Didemnidae;Didemnum;Didemnum cineraceum
KT324048.1	Eukaryota;Arthropoda;Insecta;Diptera;Simuliidae;Simulium;Simulium tani
