KJ701218.1	Eukaryota;Basidiomycota;Cystobasidiomycetes;NA;NA;NA;Cystobasidiomycetes sp. MT-2015a
GU416649.1	Bacteria;Actinobacteria;Actinobacteria;Bifidobacteriales;Bifidobacteriaceae;Parascardovia;Parascardovia denticolens
KP453219.1	Bacteria;Proteobacteria;Gammaproteobacteria;Pseudomonadales;Pseudomonadaceae;Pseudomonas;Pseudomonas sp. SRP2483
NR_075056.2	Bacteria;Aquificae;Aquificae;Aquificales;Aquificaceae;Aquifex;Aquifex aeolicus
KF355940.1	Eukaryota;Chlorophyta;Chlorophyceae;Sphaeropleales;Scenedesmaceae;Coelastrella;Coelastrella striolata
KP207628.1	Bacteria;Firmicutes;Bacilli;Bacillales;Bacillaceae;Bacillus;Bacillus sp. T-24
KY016747.1	Eukaryota;Arthropoda;Arachnida;Uropygi;Thelyphonidae;Mastigoproctus;Mastigoproctus giganteus
KJ685880.1	Bacteria;Proteobacteria;Alphaproteobacteria;Sphingomonadales;Sphingomonadaceae;Sphingomonas;Sphingomonas sp. JSM 2215019
KY234486.1	Eukaryota;Mucoromycota;Glomeromycetes;Glomerales;Glomeraceae;NA;Glomeraceae sp.
KP082864.1	Eukaryota;Chordata;Amphibia;Anura;Strabomantidae;Pristimantis;Pristimantis dorsopictus
U42785.1	Eukaryota;Streptophyta;NA;Asterales;Campanulaceae;Lobelia;Lobelia erinus
CP006380.1	Eukaryota;Ascomycota;Saccharomycetes;Saccharomycetales;Saccharomycetaceae;Saccharomyces;Saccharomyces cerevisiae
EU931092.1	Bacteria;Actinobacteria;Actinobacteria;Streptomycetales;Streptomycetaceae;Streptomyces;Streptomyces sp. MVT3
