GU907488.1	Bacteria;Proteobacteria;Gammaproteobacteria;Pseudomonadales;Pseudomonadaceae;Pseudomonas;Pseudomonas aeruginosa
KM586926.1	Bacteria;Proteobacteria;Alphaproteobacteria;Caulobacterales;Caulobacteraceae;Brevundimonas;Brevundimonas sp. BAL441
NR_114408.1	Bacteria;Actinobacteria;Actinobacteria;Streptosporangiales;Thermomonosporaceae;Thermomonospora;Thermomonospora chromogena
EU544239.1	Bacteria;Actinobacteria;Actinobacteria;Streptomycetales;Streptomycetaceae;Streptomyces;Streptomyces sp. SD 572
AB714390.1	Bacteria;Firmicutes;Bacilli;Lactobacillales;Enterococcaceae;Enterococcus;Enterococcus sp. TATAC-26
