KR170570.1	Eukaryota;Arthropoda;Insecta;Diptera;Chironomidae;Chironomus;Chironomus acidophilus
KM829917.1	Eukaryota;Arthropoda;Arachnida;Trombidiformes;Erythraeidae;NA;Erythraeidae sp. BOLD:AAM7978
KM362849.1	Eukaryota;Arthropoda;Insecta;Diptera;Culicidae;Culex;Culex tritaeniorhynchus
DQ914548.1	Eukaryota;NA;Oomycetes;Pythiales;Pythiaceae;Pythium;Pythium hypogynum
KR951500.1	Eukaryota;Arthropoda;Insecta;Diptera;Cecidomyiidae;NA;Cecidomyiidae sp. BOLD-2016
MF057725.1	Eukaryota;Chordata;Mammalia;Primates;Hominidae;Homo;Homo sapiens
KX960068.1	Eukaryota;Arthropoda;Insecta;Hemiptera;Pentatomidae;Graphosoma;Graphosoma italicum
KR600490.1	Eukaryota;Arthropoda;Insecta;Diptera;Hybotidae;Platypalpus;Platypalpus nr. hyaenoides BOLD-2016
EF547578.1	Eukaryota;Mollusca;Gastropoda;NA;Conidae;Conus;Conus ebraeus
KR127329.1	Eukaryota;Arthropoda;Insecta;Coleoptera;Anthicidae;Anthicus;Anthicus sp. BOLD:ABX1668
FJ413861.1	Eukaryota;Arthropoda;Insecta;Hymenoptera;Braconidae;Chorebus;Chorebus sp. jft05
KY841097.1	Eukaryota;Arthropoda;Insecta;Coleoptera;Staphylinidae;Oligota;Oligota sp. BIOUG02542-H01
KJ391623.1	Eukaryota;Arthropoda;Insecta;Lepidoptera;Noctuidae;Eurois;Eurois astricta
KR401491.1	Eukaryota;Arthropoda;Insecta;Hymenoptera;Braconidae;Pseudopraon;Pseudopraon sp. BOLD:ABX6188
