KF394157.1	Eukaryota;Arthropoda;Insecta;Lepidoptera;Geometridae;Fisera;Fisera hypoleuca
FJ348848.1	Eukaryota;Arthropoda;Malacostraca;Decapoda;Atyidae;Micratya;Micratya cooki
JN269667.1	Eukaryota;Arthropoda;Insecta;Lepidoptera;Pyralidae;Agastophanes;Agastophanes zophoxysta
KR175837.1	Eukaryota;Arthropoda;Insecta;Diptera;Chironomidae;Ablabesmyia;Ablabesmyia sp. BOLD:AAC8567
GU698895.1	Eukaryota;Arthropoda;Insecta;Lepidoptera;NA;NA;Lepidoptera sp. BOLD:AAC4877
LT595515.1	Eukaryota;Arthropoda;Insecta;Lepidoptera;Sphingidae;Hyles;Hyles euphorbiae
HE615897.1	Eukaryota;Arthropoda;Insecta;Coleoptera;Curculionidae;Trigonopterus;Trigonopterus sp. 150 MB-2011
JQ546885.1	Eukaryota;Arthropoda;Insecta;Lepidoptera;Pyralidae;Pyralinae gen. pyralBioLep01;Pyralinae gen. pyralBioLep01 sp. BioLep01
KT733497.1	Eukaryota;Arthropoda;Insecta;Diptera;Asilidae;Promachus;Promachus sp. USNM ENT 00914535
KY264058.1	Eukaryota;Arthropoda;Insecta;Hemiptera;Cicadellidae;Coelidia;Coelidia sp. YW-2017
KX020342.1	Eukaryota;Platyhelminthes;Cestoda;Cyclophyllidea;Taeniidae;Echinococcus;Echinococcus granulosus
HM420800.1	Eukaryota;Arthropoda;Insecta;Hymenoptera;Braconidae;Hypomicrogaster;Hypomicrogaster sp. 'ovlargo'
KU498019.1	Eukaryota;Chordata;Chondrichthyes;Myliobatiformes;Dasyatidae;Neotrygon;Neotrygon kuhlii
HM406581.1	Eukaryota;Arthropoda;Insecta;Lepidoptera;Nymphalidae;Morpho;Morpho helenor
KR369711.1	Eukaryota;Arthropoda;Insecta;Hymenoptera;Platygastridae;NA;Platygastridae sp. BOLD:ABA6117
KM446612.1	Eukaryota;Arthropoda;Insecta;Coleoptera;Cerambycidae;Aegosoma;Aegosoma scabricorne
KU567815.1	Eukaryota;Arthropoda;Insecta;Hemiptera;Aphididae;Betulaphis;Betulaphis pelei
GU439494.1	Eukaryota;Arthropoda;Insecta;Lepidoptera;Noctuidae;Lasionycta;Lasionycta impingens
