GU646910.1	Bacteria;Firmicutes;Bacilli;Bacillales;Paenibacillaceae;Paenibacillus;Paenibacillus sp. 904(2010)
KU230006.1	Bacteria;Proteobacteria;Gammaproteobacteria;Aeromonadales;Aeromonadaceae;Aeromonas;Aeromonas sp. CAWR7
KY852261.1	Eukaryota;Bacillariophyta;Coscinodiscophyceae;Chaetocerotales;Chaetocerotaceae;Chaetoceros;Chaetoceros radicans
KJ921810.1	Bacteria;Firmicutes;Bacilli;Lactobacillales;Lactobacillaceae;Lactobacillus;Lactobacillus plantarum
KR011077.1	Bacteria;Actinobacteria;Actinobacteria;Streptomycetales;Streptomycetaceae;Streptomyces;Streptomyces sp. MDRC-3
