KT832787.1	Eukaryota;Ascomycota;Eurotiomycetes;Eurotiales;Aspergillaceae;Aspergillus;Aspergillus sp. ISSFT-021
KX926517.1	Bacteria;Firmicutes;Bacilli;Lactobacillales;Streptococcaceae;Streptococcus;Streptococcus thermophilus
AB601420.1	Bacteria;Proteobacteria;Gammaproteobacteria;Pseudomonadales;Pseudomonadaceae;Pseudomonas;Pseudomonas sp. BSI-2
KU508821.1	Bacteria;Actinobacteria;Actinobacteria;Streptomycetales;Streptomycetaceae;Streptomyces;Streptomyces sp.
AF355366.1	Bacteria;Cyanobacteria;NA;Oscillatoriales;Microcoleaceae;Microcoleus;Microcoleus vaginatus
GU372745.1	Bacteria;Proteobacteria;Gammaproteobacteria;Xanthomonadales;Xanthomonadaceae;Stenotrophomonas;Stenotrophomonas maltophilia
