KF682213.1	Bacteria;Actinobacteria;Actinobacteria;Streptomycetales;Streptomycetaceae;Streptomyces;Streptomyces sp. MUSC254T
EU741023.1	Bacteria;Actinobacteria;Actinobacteria;Micrococcales;Microbacteriaceae;Microbacterium;Microbacterium sp. Fek04
DQ313652.1	Bacteria;Proteobacteria;Gammaproteobacteria;Alteromonadales;Pseudoalteromonadaceae;Pseudoalteromonas;Pseudoalteromonas sp. CCH-33
LC036920.1	Eukaryota;Chordata;Actinopteri;Perciformes;Cottidae;Triglops;Triglops scepticus
