KT216584.1	Bacteria;Firmicutes;Bacilli;Bacillales;Bacillaceae;Bacillus;Bacillus marisflavi
HQ891650.1	Bacteria;Proteobacteria;Alphaproteobacteria;Rhizobiales;Bradyrhizobiaceae;Bradyrhizobium;Bradyrhizobium sp. 189TOC2SAPT
MF040811.1	Bacteria;Proteobacteria;Gammaproteobacteria;Alteromonadales;Pseudoalteromonadaceae;Pseudoalteromonas;Pseudoalteromonas sp.
JF803769.1	Bacteria;Actinobacteria;Actinobacteria;Streptomycetales;Streptomycetaceae;Streptomyces;Streptomyces sp. KLBMP 03665
DQ384887.1	Eukaryota;Ascomycota;Lecanoromycetes;Ostropales;Graphidaceae;Ocellularia;Ocellularia subemersa
EU554276.1	Bacteria;Actinobacteria;Actinobacteria;Streptomycetales;Streptomycetaceae;Streptomyces;Streptomyces sp. D16
KC592366.1	Bacteria;Bacteroidetes;Flavobacteriia;Flavobacteriales;Flavobacteriaceae;Cellulophaga;Cellulophaga sp. UI08
KT592374.1	Eukaryota;Annelida;Clitellata;Arhynchobdellida;Haemadipsidae;Chtonobdella;Chtonobdella pungens
JX242901.1	Eukaryota;Chordata;Actinopteri;Notacanthiformes;Halosauridae;Halosauropsis;Halosauropsis macrochir
KC295359.1	Bacteria;Proteobacteria;Alphaproteobacteria;Rhodobacterales;Rhodobacteraceae;Marivita;Marivita sp. DG1449
NR_149799.1	Bacteria;Bacteroidetes;Chitinophagia;Chitinophagales;Chitinophagaceae;Filimonas;Filimonas zeae
KU363313.1	Bacteria;Proteobacteria;Gammaproteobacteria;Aeromonadales;Aeromonadaceae;Aeromonas;Aeromonas media
