NR_043439.1	Bacteria;Actinobacteria;Actinobacteria;Bifidobacteriales;Bifidobacteriaceae;Bifidobacterium;Bifidobacterium indicum
MF524651.1	Bacteria;Actinobacteria;Actinobacteria;Micrococcales;Microbacteriaceae;Microbacterium;Microbacterium sp.
FN356071.1	Eukaryota;Arthropoda;Insecta;Odonata;Cordulegastridae;Cordulegaster;Cordulegaster bidentata
KC622131.1	Eukaryota;Chordata;Mammalia;Primates;Hominidae;Homo;Homo sapiens
KT884464.1	Eukaryota;NA;NA;Prymnesiales;Prymnesiaceae;Imantonia;Imantonia sp. RCC4501
KP684099.1	Bacteria;Proteobacteria;Alphaproteobacteria;Rhizobiales;Brucellaceae;Ochrobactrum;Ochrobactrum intermedium
FJ715468.1	Bacteria;Firmicutes;Bacilli;Lactobacillales;Enterococcaceae;Tetragenococcus;Tetragenococcus halophilus
KM206778.1	Eukaryota;Apicomplexa;Aconoidasida;NA;Babesiidae;Babesia;Babesia sp. CSP-2014
AF550664.1	Bacteria;Proteobacteria;Epsilonproteobacteria;Campylobacterales;Campylobacteraceae;Campylobacter;Campylobacter lanienae
KF317802.1	Bacteria;Proteobacteria;Gammaproteobacteria;Pseudomonadales;Pseudomonadaceae;Pseudomonas;Pseudomonas sp. MBTD_CMFRI_Ps10
EU928753.1	Bacteria;Proteobacteria;Gammaproteobacteria;Alteromonadales;Pseudoalteromonadaceae;Pseudoalteromonas;Pseudoalteromonas haloplanktis
DQ192041.1	Bacteria;Proteobacteria;Gammaproteobacteria;Pseudomonadales;Pseudomonadaceae;Pseudomonas;Pseudomonas sp. I91-7
KX928537.1	Bacteria;Actinobacteria;Actinobacteria;Streptomycetales;Streptomycetaceae;Streptomyces;Streptomyces sp.
KF918537.1	Bacteria;Firmicutes;Bacilli;Lactobacillales;Enterococcaceae;Enterococcus;Enterococcus durans
