KX079814.1	Bacteria;Proteobacteria;Gammaproteobacteria;Pseudomonadales;Pseudomonadaceae;Pseudomonas;Pseudomonas sp. MYb188
JQ899204.1	Bacteria;Actinobacteria;Actinobacteria;Geodermatophilales;Geodermatophilaceae;Modestobacter;Modestobacter versicolor
KR184635.1	Bacteria;Actinobacteria;Actinobacteria;Micrococcales;Cellulomonadaceae;Cellulomonas;Cellulomonas sp. I13A-01688
KX928089.1	Bacteria;Actinobacteria;Actinobacteria;Streptomycetales;Streptomycetaceae;Streptomyces;Streptomyces sp.
JF694749.1	Bacteria;Actinobacteria;Actinobacteria;Corynebacteriales;Nocardiaceae;Rhodococcus;Rhodococcus sp. NE1
KY432719.1	Bacteria;Proteobacteria;Alphaproteobacteria;Rhizobiales;Phyllobacteriaceae;Aminobacter;Aminobacter aminovorans
KF312891.1	Bacteria;Proteobacteria;Gammaproteobacteria;Oceanospirillales;Oceanospirillaceae;NA;Oceanospirillaceae bacterium B3
MF399353.1	Bacteria;Proteobacteria;Gammaproteobacteria;Enterobacterales;Morganellaceae;Proteus;Proteus mirabilis
KM246412.1	Bacteria;Firmicutes;Bacilli;Bacillales;Bacillaceae;Bacillus;Bacillus thuringiensis
EU308272.1	Archaea;Euryarchaeota;Halobacteria;Haloferacales;Haloferacaceae;Halogeometricum;Halogeometricum sp. 50C25
KP282757.1	Bacteria;Proteobacteria;Alphaproteobacteria;Rhizobiales;Brucellaceae;Ochrobactrum;Ochrobactrum anthropi
KP244468.1	Bacteria;Proteobacteria;Gammaproteobacteria;Pseudomonadales;Pseudomonadaceae;Pseudomonas;Pseudomonas aeruginosa
GU216206.1	Bacteria;Proteobacteria;Betaproteobacteria;Neisseriales;Chromobacteriaceae;Chromobacterium;Chromobacterium sp. 156
