HQ642878.1	Bacteria;Actinobacteria;Actinobacteria;Micromonosporales;Micromonosporaceae;Salinispora;Salinispora pacifica
AB184426.2	Bacteria;Actinobacteria;Actinobacteria;Streptomycetales;Streptomycetaceae;Streptomyces;Streptomyces thermodiastaticus
KU180345.1	Bacteria;Proteobacteria;Gammaproteobacteria;Xanthomonadales;Xanthomonadaceae;Pseudoxanthomonas;Pseudoxanthomonas spadix
KP410680.1	Bacteria;Proteobacteria;Alphaproteobacteria;Rhodobacterales;Rhodobacteraceae;Ruegeria;Ruegeria sp. MME-070
KY780505.1	Bacteria;Firmicutes;Bacilli;Lactobacillales;Lactobacillaceae;Lactobacillus;Lactobacillus pentosus
AM110923.1	Bacteria;Firmicutes;Bacilli;Bacillales;Bacillaceae;Bacillus;Bacillus subtilis
KJ371086.1	Bacteria;Actinobacteria;Actinobacteria;Micrococcales;Micrococcaceae;Micrococcus;Micrococcus luteus
KY636395.1	Archaea;Euryarchaeota;Halobacteria;Haloferacales;Halorubraceae;Halorubrum;Halorubrum sp.
X70403.1	Bacteria;Proteobacteria;Alphaproteobacteria;Rhizobiales;Bradyrhizobiaceae;Bradyrhizobium;Bradyrhizobium sp.
FJ769100.1	Eukaryota;Chordata;Amphibia;Anura;Phrynobatrachidae;Phrynobatrachus;Phrynobatrachus cricogaster
KU217933.1	Bacteria;Planctomycetes;Planctomycetia;Candidatus Brocadiales;Candidatus Brocadiaceae;Candidatus Scalindua;Candidatus Scalindua brodae
KC834331.1	Bacteria;Proteobacteria;Gammaproteobacteria;Pseudomonadales;Pseudomonadaceae;Pseudomonas;Pseudomonas sp. S24509
GU300577.1	Bacteria;Actinobacteria;Actinobacteria;Micrococcales;Micrococcaceae;Arthrobacter;Arthrobacter sp. CNRC07
MF664131.1	Bacteria;Proteobacteria;Gammaproteobacteria;Pseudomonadales;Moraxellaceae;Psychrobacter;Psychrobacter alimentarius
KT324841.1	Bacteria;Proteobacteria;Gammaproteobacteria;Vibrionales;Vibrionaceae;Vibrio;Vibrio sp. CPA-80
