CP013611.1	Bacteria;Proteobacteria;Gammaproteobacteria;Alteromonadales;Pseudoalteromonadaceae;Pseudoalteromonas;Pseudoalteromonas rubra
FR872437.1	Bacteria;Actinobacteria;Actinobacteria;Micrococcales;Microbacteriaceae;Curtobacterium;Curtobacterium MG-2011-144-FD
KT943470.1	Bacteria;Firmicutes;Bacilli;Lactobacillales;Streptococcaceae;Streptococcus;Streptococcus pluranimalium
