JF837516.1	Bacteria;Firmicutes;Bacilli;Bacillales;Bacillaceae;Bacillus;Bacillus cereus
KR189663.1	Bacteria;Proteobacteria;Gammaproteobacteria;Enterobacterales;Enterobacteriaceae;Enterobacter;Enterobacter sp. UIWRF0469
KX828368.1	Bacteria;Proteobacteria;Gammaproteobacteria;Enterobacterales;Hafniaceae;Edwardsiella;Edwardsiella tarda
KY612282.1	Bacteria;Actinobacteria;Actinobacteria;Micrococcales;Micrococcaceae;Micrococcus;Micrococcus endophyticus
FR687399.1	Eukaryota;Chordata;Aves;Piciformes;Picidae;Colaptes;Colaptes rupicola
HE662690.1	Bacteria;Proteobacteria;Gammaproteobacteria;Enterobacterales;Erwiniaceae;Pantoea;Pantoea sp. X91
JX971557.1	Bacteria;Bacteroidetes;Flavobacteriia;Flavobacteriales;Flavobacteriaceae;Flavobacterium;Flavobacterium segetis
KF295061.1	Bacteria;Actinobacteria;Actinobacteria;Micrococcales;Dermabacteraceae;Brachybacterium;Brachybacterium sp. N50_4
KU550823.1	Eukaryota;Arthropoda;Insecta;Orthoptera;Tettigoniidae;Idiostatus;Idiostatus aequalis
AY857712.1	Eukaryota;Ascomycota;Dothideomycetes;Pleosporales;Testudinaceae;Neotestudina;Neotestudina rosatii
JX219378.1	Eukaryota;Ascomycota;Leotiomycetes;NA;NA;Gelatinomyces;Gelatinomyces siamensis
X97695.1	Bacteria;Proteobacteria;Alphaproteobacteria;Rhizobiales;Hyphomicrobiaceae;Pedomicrobium;Pedomicrobium sp.
KF738146.1	Bacteria;Proteobacteria;Alphaproteobacteria;Rhodospirillales;Acetobacteraceae;Acetobacter;Acetobacter pasteurianus
EF121820.1	Bacteria;Proteobacteria;Gammaproteobacteria;Pseudomonadales;Pseudomonadaceae;Pseudomonas;Pseudomonas sp. Dr.Y_Kertih
KT751271.1	Bacteria;Proteobacteria;Gammaproteobacteria;Pseudomonadales;Pseudomonadaceae;Pseudomonas;Pseudomonas sp. AYSJSMH 9
MF058081.1	Eukaryota;Chordata;Mammalia;Primates;Hominidae;Homo;Homo sapiens
AJ001052.1	Bacteria;Proteobacteria;Alphaproteobacteria;Sphingomonadales;Sphingomonadaceae;Sphingomonas;Sphingomonas sp. B28161
KR906464.1	Bacteria;Actinobacteria;Actinobacteria;Streptomycetales;Streptomycetaceae;Streptomyces;Streptomyces sp. HBUM190111
AB552865.1	Bacteria;Proteobacteria;Alphaproteobacteria;Sphingomonadales;Sphingomonadaceae;Sphingomonas;Sphingomonas sp. DC2b-16
AY735402.1	Bacteria;Actinobacteria;Actinobacteria;Bifidobacteriales;Bifidobacteriaceae;Bifidobacterium;Bifidobacterium breve
KM257987.1	Archaea;Euryarchaeota;Halobacteria;Haloferacales;Halorubraceae;Halolamina;Halolamina sp. GuM7
