MG575440.1	Bacteria;Proteobacteria;Gammaproteobacteria;Vibrionales;Vibrionaceae;Vibrio;Vibrio parahaemolyticus
KT008051.1	Bacteria;Proteobacteria;Gammaproteobacteria;Pseudomonadales;Pseudomonadaceae;Pseudomonas;Pseudomonas sp. AZ10
KF770889.1	Bacteria;Actinobacteria;Actinobacteria;Streptomycetales;Streptomycetaceae;Streptomyces;Streptomyces sp. BCA-659
KU175404.1	Bacteria;Proteobacteria;Betaproteobacteria;Neisseriales;Chromobacteriaceae;Pseudogulbenkiania;Pseudogulbenkiania sp. NS13E
KT715520.1	Bacteria;Proteobacteria;Epsilonproteobacteria;Campylobacterales;Campylobacteraceae;Campylobacter;Campylobacter fetus
EU365527.1	Bacteria;Proteobacteria;Gammaproteobacteria;Alteromonadales;Pseudoalteromonadaceae;Pseudoalteromonas;Pseudoalteromonas sp. BSs20157
KC442439.1	Bacteria;Actinobacteria;Actinobacteria;Propionibacteriales;Nocardioidaceae;Nocardioides;Nocardioides sp. I25
LC104542.1	Eukaryota;Chordata;Actinopteri;Perciformes;Cottidae;Pseudoblennius;Pseudoblennius cottoides
KC684277.1	Bacteria;Deinococcus-Thermus;Deinococci;Thermales;Thermaceae;Thermus;Thermus thermophilus
AF206850.1	Eukaryota;Streptophyta;NA;Magnoliales;Annonaceae;Annona;Annona muricata
KU198761.1	Bacteria;Firmicutes;Bacilli;Bacillales;Bacillaceae;Oceanobacillus;Oceanobacillus sp. RKEM 814
JX129924.1	Bacteria;Actinobacteria;Actinobacteria;Streptomycetales;Streptomycetaceae;Streptomyces;Streptomyces fradiae
JQ660725.1	Bacteria;Proteobacteria;Gammaproteobacteria;Pseudomonadales;Moraxellaceae;Acinetobacter;Acinetobacter junii
MG264303.1	Bacteria;Proteobacteria;Gammaproteobacteria;Pseudomonadales;Pseudomonadaceae;Pseudomonas;Pseudomonas aestusnigri
HQ183512.1	Eukaryota;Streptophyta;Liliopsida;Liliales;Liliaceae;Lilium;Lilium superbum
CP014864.1	Bacteria;Proteobacteria;Gammaproteobacteria;Cellvibrionales;Microbulbiferaceae;Microbulbifer;Microbulbifer thermotolerans
KX449303.1	Bacteria;Proteobacteria;Alphaproteobacteria;Rhodospirillales;Acetobacteraceae;Asaia;Asaia bogorensis
GQ241351.1	Bacteria;Proteobacteria;Gammaproteobacteria;Pseudomonadales;Pseudomonadaceae;Pseudomonas;Pseudomonas sp. C27
JN939679.1	Eukaryota;Ascomycota;Sordariomycetes;Hypocreales;Nectriaceae;Cosmospora;Cosmospora sp. 3 PC-2011
GU476479.1	Eukaryota;Streptophyta;NA;Myrtales;Myrtaceae;Syzygium;Syzygium maire
MF085468.1	Eukaryota;Ascomycota;Eurotiomycetes;Chaetothyriales;NA;NA;Chaetothyriales sp.
HQ621895.1	Eukaryota;Annelida;Clitellata;Haplotaxida;Hormogastridae;Hormogaster;Hormogaster redii
