KR879944.1	Eukaryota;Arthropoda;Insecta;Hymenoptera;Scelionidae;Telenomus;Telenomus sp. BOLD-2016
KR930514.1	Eukaryota;Arthropoda;Insecta;Hymenoptera;Scelionidae;Telenomus;Telenomus sp. BOLD-2016
KR923329.1	Eukaryota;Arthropoda;Insecta;Hymenoptera;Platygastridae;Synopeas;Synopeas sp. BOLD-2016
KM451002.1	Eukaryota;Arthropoda;Insecta;Coleoptera;Ptiliidae;Baeocrara;Baeocrara variolosa
GU827583.1	Eukaryota;Arthropoda;Insecta;Lepidoptera;Tortricidae;Epiphyas;Epiphyas postvittana
KR477229.1	Eukaryota;Chordata;Actinopteri;Gobiiformes;Gobiidae;Neogobius;Neogobius melanostomus
GU675106.1	Eukaryota;Arthropoda;Insecta;Lepidoptera;NA;NA;Lepidoptera sp. BOLD:AAE9925
KR160241.1	Eukaryota;Arthropoda;Insecta;Diptera;Chironomidae;Micropsectra;Micropsectra recurvata
KR172994.1	Eukaryota;Arthropoda;Insecta;Diptera;Chironomidae;Polypedilum;Polypedilum sp. BOLD:AAM6206
GU146350.1	Eukaryota;Arthropoda;Insecta;Lepidoptera;Saturniidae;Automeris;Automeris sp. Janzen01
KU194083.1	Eukaryota;Chordata;Actinopteri;Cichliformes;Cichlidae;Neolamprologus;Neolamprologus tretocephalus
KR200049.1	Eukaryota;Arthropoda;Insecta;Diptera;Cecidomyiidae;NA;Cecidomyiidae sp. BOLD:ACJ0063
HQ950513.1	Eukaryota;Arthropoda;Insecta;Lepidoptera;Noctuidae;Barybela;Barybela chionostigma
DQ865998.1	Eukaryota;Arthropoda;Insecta;Coleoptera;Curculionidae;Dendroctonus;Dendroctonus ponderosae
KM644814.1	Eukaryota;Arthropoda;Insecta;Diptera;Syrphidae;Hiatomyia;Hiatomyia sp. BOLD:AAZ5940
GU938946.1	Eukaryota;Chordata;Mammalia;Rodentia;Cricetidae;Delomys;Delomys dorsalis
JQ942380.1	Eukaryota;Arthropoda;Insecta;Diptera;Calliphoridae;Lucilia;Lucilia coeruleiviridis
KJ203883.1	Eukaryota;Arthropoda;Insecta;Coleoptera;Helophoridae;Helophorus;Helophorus arcticus
KR565302.1	Eukaryota;Arthropoda;Insecta;Hemiptera;Miridae;Stenodema;Stenodema sp. BOLD:AAF9956
HQ922618.1	Eukaryota;Arthropoda;Insecta;Lepidoptera;Anthelidae;Anthela;Anthela oressarcha
KM615990.1	Eukaryota;Arthropoda;Collembola;NA;NA;NA;Collembola sp. BOLD:AAI4728
KM994088.1	Eukaryota;Arthropoda;Insecta;Diptera;Chironomidae;Chironomus;Chironomus sp. BOLD:ABA9112
