GQ422731.1	Bacteria;Fusobacteria;Fusobacteriia;Fusobacteriales;Leptotrichiaceae;Leptotrichia;Leptotrichia sp. oral taxon 225
GQ332309.1	Bacteria;Actinobacteria;Actinobacteria;Micrococcales;Microbacteriaceae;Clavibacter;Clavibacter insidiosus
MG266300.1	Bacteria;Proteobacteria;Gammaproteobacteria;Pseudomonadales;Pseudomonadaceae;Pseudomonas;Pseudomonas sp.
KF149142.1	Bacteria;Firmicutes;Bacilli;Lactobacillales;Enterococcaceae;Enterococcus;Enterococcus durans
FJ717694.1	Eukaryota;Ascomycota;Eurotiomycetes;Eurotiales;Aspergillaceae;Aspergillus;Aspergillus ochraceus
JQ838152.1	Bacteria;Proteobacteria;Gammaproteobacteria;Enterobacterales;Enterobacteriaceae;Klebsiella;Klebsiella sp. ii_3_chl_1
KU551270.1	Eukaryota;Streptophyta;Liliopsida;Asparagales;Orchidaceae;Listera;Listera fugongensis
AB488792.1	Eukaryota;Chlorophyta;Trebouxiophyceae;NA;NA;Choricystis;Choricystis sp. NIES-2333
HQ530519.1	Bacteria;Actinobacteria;Actinobacteria;Micrococcales;Micrococcaceae;Pseudarthrobacter;Pseudarthrobacter chlorophenolicus
KC588402.1	Eukaryota;Streptophyta;NA;Ericales;Ericaceae;Cheilotheca;Cheilotheca macrocarpa
KJ584870.1	Bacteria;Actinobacteria;Actinobacteria;Micrococcales;Microbacteriaceae;Microbacterium;Microbacterium sp. DBT28
EU253584.1	Bacteria;Bacteroidetes;Flavobacteriia;Flavobacteriales;Flavobacteriaceae;Salegentibacter;Salegentibacter sp. MED445
KF870411.1	Bacteria;Actinobacteria;Actinobacteria;Micrococcales;Cellulomonadaceae;Oerskovia;Oerskovia sp. Tibet-YD4604-7
