KF926051.1	Bacteria;Actinobacteria;Actinobacteria;Actinomycetales;Actinomycetaceae;Actinomyces;Actinomyces turicensis
MF582690.1	Bacteria;Firmicutes;Bacilli;Lactobacillales;Lactobacillaceae;Lactobacillus;Lactobacillus hilgardii
JX549393.1	Bacteria;Proteobacteria;Gammaproteobacteria;Alteromonadales;Alteromonadaceae;Alteromonas;Alteromonas sp. SF09107-9
JX026010.1	Bacteria;Proteobacteria;Alphaproteobacteria;Sphingomonadales;Sphingomonadaceae;Sphingomonas;Sphingomonas sp. MEB2
KX822723.1	Bacteria;Proteobacteria;Gammaproteobacteria;Enterobacterales;Enterobacteriaceae;Klebsiella;Klebsiella aerogenes
KF880383.1	Bacteria;Proteobacteria;Alphaproteobacteria;Rhodobacterales;Hyphomonadaceae;Hyphomonas;Hyphomonas rosenbergii
JX241599.1	Eukaryota;Streptophyta;Polytrichopsida;Polytrichales;Polytrichaceae;Pogonatum;Pogonatum proliferum
AY745833.1	Bacteria;Proteobacteria;Gammaproteobacteria;Oceanospirillales;Halomonadaceae;Halomonas;Halomonas sp. JL-63
KX180912.1	Bacteria;Proteobacteria;Gammaproteobacteria;Pseudomonadales;Pseudomonadaceae;Pseudomonas;Pseudomonas stutzeri
LC104515.1	Eukaryota;Chordata;Actinopteri;Perciformes;Sebastidae;Sebastes;Sebastes maliger
HM182199.1	Bacteria;Firmicutes;Clostridia;Thermoanaerobacterales;Thermoanaerobacteraceae;Thermoanaerobacter;Thermoanaerobacter uzonensis
AF114938.1	Eukaryota;Ascomycota;Saccharomycetes;Saccharomycetales;Saccharomycetaceae;Saccharomyces;Saccharomyces mikatae
KY388972.1	Bacteria;Proteobacteria;Gammaproteobacteria;Alteromonadales;Pseudoalteromonadaceae;Pseudoalteromonas;Pseudoalteromonas sp.
HQ693087.1	Bacteria;Firmicutes;Bacilli;Bacillales;Bacillaceae;Bacillus;Bacillus amyloliquefaciens
JQ288725.1	Bacteria;Proteobacteria;Gammaproteobacteria;Alteromonadales;Colwelliaceae;Thalassotalea;Thalassotalea eurytherma
AY254041.1	Bacteria;Proteobacteria;Gammaproteobacteria;Vibrionales;Vibrionaceae;Vibrio;Vibrio hispanicus
KF704352.1	Bacteria;Cyanobacteria;NA;Nostocales;Nostocaceae;Nostoc;Nostoc sp. 'Parmeliella brisbanensis LG:T7 cyanobiont'
MF524990.1	Bacteria;Firmicutes;Bacilli;Bacillales;Bacillaceae;Bacillus;Bacillus cereus
NR_042070.1	Bacteria;Proteobacteria;Gammaproteobacteria;Pseudomonadales;Pseudomonadaceae;Azorhizophilus;Azorhizophilus paspali
KF358431.1	Bacteria;Proteobacteria;Gammaproteobacteria;Aeromonadales;Aeromonadaceae;Aeromonas;Aeromonas veronii
AF510967.1	Bacteria;Cyanobacteria;NA;Oscillatoriales;Oscillatoriaceae;Lyngbya;Lyngbya majuscula
JN941758.1	Eukaryota;Ascomycota;Sordariomycetes;Hypocreales;Cordycipitaceae;Cordyceps;Cordyceps militaris
