KU681514.1	Eukaryota;Ascomycota;Eurotiomycetes;Eurotiales;Aspergillaceae;Aspergillus;Aspergillus glaucus
HM566990.1	Bacteria;Firmicutes;Bacilli;Bacillales;Bacillaceae;Bacillus;Bacillus sp. DU11(2010)
KJ081486.1	Bacteria;Actinobacteria;Actinobacteria;Bifidobacteriales;Bifidobacteriaceae;Bifidobacterium;Bifidobacterium longum
LN878378.1	Bacteria;Proteobacteria;Alphaproteobacteria;Rhodobacterales;Rhodobacteraceae;Pseudovibrio;Pseudovibrio sp. AU38
