GU062511.1	Bacteria;Proteobacteria;Gammaproteobacteria;Alteromonadales;Pseudoalteromonadaceae;Pseudoalteromonas;Pseudoalteromonas sp. KOPRI 25457
HM113592.1	Bacteria;Actinobacteria;Actinobacteria;Micrococcales;Microbacteriaceae;Subtercola;Subtercola sp. 01xTSA12B_B04
KP712892.1	Bacteria;Proteobacteria;Gammaproteobacteria;Oceanospirillales;Halomonadaceae;Halomonas;Halomonas koreensis
NR_025948.1	Bacteria;Proteobacteria;Epsilonproteobacteria;Campylobacterales;Campylobacteraceae;Campylobacter;Campylobacter helveticus
