HG799626.1	Bacteria;Firmicutes;Bacilli;Bacillales;Bacillaceae;Oceanobacillus;Oceanobacillus profundus
EU008935.1	Bacteria;Proteobacteria;Alphaproteobacteria;Rhodospirillales;Acetobacteraceae;Komagataeibacter;Komagataeibacter europaeus
KC902318.1	Eukaryota;Porifera;Demospongiae;Verongiida;Pseudoceratinidae;Pseudoceratina;Pseudoceratina sp. USNM 1204854
AB184698.1	Bacteria;Actinobacteria;Actinobacteria;Streptomycetales;Streptomycetaceae;Streptomyces;Streptomyces violaceoruber
LN867179.1	Bacteria;Proteobacteria;Gammaproteobacteria;Xanthomonadales;Xanthomonadaceae;Lysobacter;Lysobacter brunescens
EU568008.1	Eukaryota;Chordata;NA;Squamata;Scincidae;Oligosoma;Oligosoma sp. Sinbad Valley
CP023237.1	Bacteria;Proteobacteria;Alphaproteobacteria;Rhizobiales;Brucellaceae;Brucella;Brucella abortus
KM088093.1	Bacteria;Proteobacteria;Gammaproteobacteria;Enterobacterales;Yersiniaceae;Rahnella;Rahnella sp. PRO
AF317114.1	Eukaryota;NA;Florideophyceae;Gigartinales;Dumontiaceae;Neodilsea;Neodilsea yendoana
KX669624.1	Bacteria;Firmicutes;Bacilli;Bacillales;Bacillaceae;Bacillus;Bacillus firmus
EF373297.1	Eukaryota;Chordata;Aves;Columbiformes;Columbidae;Ducula;Ducula rufigaster
GU321353.1	Bacteria;Actinobacteria;Actinobacteria;Micrococcales;Microbacteriaceae;Frigoribacterium;Frigoribacterium sp. NMC14
EF175645.1	Eukaryota;Ascomycota;Dothideomycetes;Jahnulales;Aliquandostipitaceae;Aliquandostipite;Aliquandostipite siamensis
KJ210050.1	Bacteria;Proteobacteria;Gammaproteobacteria;Alteromonadales;Alteromonadaceae;Marinobacter;Marinobacter sp. PRIM-6
KM108437.1	Eukaryota;Ascomycota;Leotiomycetes;Phacidiales;Phacidiaceae;Darkera;Darkera picea
KU605569.1	Bacteria;Firmicutes;Bacilli;Lactobacillales;Streptococcaceae;Streptococcus;Streptococcus agalactiae
FM865941.1	Bacteria;Firmicutes;Clostridia;Clostridiales;Clostridiaceae;Clostridium;Clostridium sp. AL05-2
DQ530081.1	Bacteria;Proteobacteria;Gammaproteobacteria;Enterobacterales;Yersiniaceae;Serratia;Serratia sp. CI20
KU219689.1	Bacteria;Cyanobacteria;NA;Oscillatoriales;Microcoleaceae;Microcoleus;Microcoleus sp. OTC_3B
DQ492770.1	Bacteria;Proteobacteria;Gammaproteobacteria;Alteromonadales;Pseudoalteromonadaceae;Pseudoalteromonas;Pseudoalteromonas sp. BSi20551
KU973988.1	Bacteria;Actinobacteria;Actinobacteria;Streptomycetales;Streptomycetaceae;Streptomyces;Streptomyces bobili
