AB759047.1	Bacteria;Proteobacteria;Alphaproteobacteria;Sphingomonadales;Sphingomonadaceae;Sphingomonas;Sphingomonas sp. 09WSH3-21
NR_042392.1	Bacteria;Proteobacteria;Gammaproteobacteria;Pseudomonadales;Pseudomonadaceae;Pseudomonas;Pseudomonas simiae
MF975575.1	Bacteria;Proteobacteria;Gammaproteobacteria;Alteromonadales;Pseudoalteromonadaceae;Pseudoalteromonas;Pseudoalteromonas sp.
LC100112.1	Bacteria;Proteobacteria;Gammaproteobacteria;Oceanospirillales;Halomonadaceae;Halomonas;Halomonas sp. CHS5
LC049650.1	Eukaryota;Chordata;Actinopteri;Pleuronectiformes;Pleuronectidae;Limanda;Limanda aspera
KY680821.1	Eukaryota;Chordata;Mammalia;Primates;Hominidae;Homo;Homo sapiens
LT592259.1	Bacteria;Proteobacteria;Gammaproteobacteria;Enterobacterales;Pectobacteriaceae;Dickeya;Dickeya solani
FN433004.1	Bacteria;Proteobacteria;Gammaproteobacteria;Pseudomonadales;Moraxellaceae;Psychrobacter;Psychrobacter sp. a381
KF626544.1	Bacteria;Tenericutes;Mollicutes;Acholeplasmatales;Acholeplasmataceae;Candidatus Phytoplasma;Cranberry false blossom phytoplasma
AY996789.1	Bacteria;Spirochaetes;Spirochaetia;NA;Leptospiraceae;Leptospira;Leptospira fainei
KF923820.1	Bacteria;Proteobacteria;Gammaproteobacteria;Pseudomonadales;Pseudomonadaceae;Pseudomonas;Pseudomonas fragi
AB734853.1	Bacteria;Firmicutes;Bacilli;Bacillales;Bacillaceae;Bacillus;Bacillus sp. U0122
