KY569219.1	Bacteria;Proteobacteria;Gammaproteobacteria;Pseudomonadales;Pseudomonadaceae;Pseudomonas;Pseudomonas fluorescens
KT324836.1	Bacteria;Proteobacteria;Gammaproteobacteria;Oceanospirillales;Halomonadaceae;Salinicola;Salinicola sp. CPA-75
AB084593.1	Eukaryota;Basidiomycota;Agaricomycetes;Polyporales;Phanerochaetaceae;Phanerochaete;Phanerochaete sordida
MF373569.1	Bacteria;Proteobacteria;Gammaproteobacteria;Alteromonadales;Pseudoalteromonadaceae;Pseudoalteromonas;Pseudoalteromonas sp.
EU603457.1	Bacteria;Proteobacteria;Gammaproteobacteria;Pseudomonadales;Pseudomonadaceae;Pseudomonas;Pseudomonas pachastrellae
FJ792569.1	Bacteria;Actinobacteria;Actinobacteria;Streptomycetales;Streptomycetaceae;Streptomyces;Streptomyces umbrinus
