KU944211.1	Eukaryota;Chordata;Actinopteri;Chaetodontiformes;Chaetodontidae;Chaetodon;Chaetodon speculum
KX604276.1	Eukaryota;Arthropoda;Insecta;Hymenoptera;Braconidae;Cotesia;Cotesia vestalis
GU160824.1	Eukaryota;Arthropoda;Insecta;Lepidoptera;Erebidae;Uranophora;Uranophora lelex
KY838608.1	Eukaryota;Arthropoda;Insecta;Diptera;Sciaridae;NA;Sciaridae sp. BIOUG02529-F12
KF462005.1	Eukaryota;Arthropoda;Insecta;Hymenoptera;Braconidae;Apanteles;Apanteles sp. Rodriguez251
KF584279.1	Eukaryota;Arthropoda;Maxillopoda;Sessilia;Pyrgomatidae;Trevathana;Trevathana taiwanus
KR946904.1	Eukaryota;Arthropoda;Insecta;Diptera;Anthomyiidae;Fucellia;Fucellia sp. BOLD-2016
KC419196.1	Eukaryota;Arthropoda;Insecta;Hymenoptera;Formicidae;Pseudomyrmex;Pseudomyrmex sp. ASMAS043-08
EU279811.1	Eukaryota;Arthropoda;Insecta;Hymenoptera;Diprionidae;Neodiprion;Neodiprion tsugae
HQ151306.1	Eukaryota;Arthropoda;Insecta;Ephemeroptera;Caenidae;Caenis;Caenis sp. AMI 1
KF919309.1	Eukaryota;Arthropoda;Insecta;Hemiptera;Membracidae;Grandolobus;Grandolobus grandis
KM988250.1	Eukaryota;Arthropoda;Insecta;Diptera;Chironomidae;Tanytarsus;Tanytarsus mendax
KR120185.1	Eukaryota;Arthropoda;Insecta;Coleoptera;Cephaloidae;Cephaloon;Cephaloon ungulare
KX071213.1	Eukaryota;Arthropoda;Insecta;Lepidoptera;Geometridae;Entephria;Entephria flavata
KT093978.1	Eukaryota;Arthropoda;Insecta;Diptera;Psychodidae;NA;Psychodidae sp. BOLD-2016
KU566120.1	Eukaryota;Arthropoda;Insecta;Odonata;Aeshnidae;Gynacantha;Gynacantha manderica
KR788912.1	Eukaryota;Arthropoda;Insecta;Hymenoptera;Formicidae;Leptothorax;Leptothorax sp. BOLD-2016
