EU308211.1	Archaea;Euryarchaeota;Halobacteria;Haloferacales;Haloferacaceae;Haloferax;Haloferax sp. FB25_3
MG461466.1	Bacteria;Proteobacteria;Gammaproteobacteria;Pseudomonadales;Pseudomonadaceae;Pseudomonas;Pseudomonas reinekei
AJ307440.1	Eukaryota;Arthropoda;Insecta;Hymenoptera;Dryinidae;Lonchodryinus;Lonchodryinus ruficornis
KY621953.1	Bacteria;Firmicutes;Bacilli;Bacillales;Bacillaceae;Bacillus;Bacillus sp.
DQ339613.1	Bacteria;Actinobacteria;Actinobacteria;Micrococcales;Microbacteriaceae;Microbacterium;Microbacterium sp. Enf19
AM238681.1	Bacteria;Bacteroidetes;Flavobacteriia;Flavobacteriales;Flavobacteriaceae;Empedobacter;Empedobacter falsenii
