HQ952261.1	Eukaryota;Arthropoda;Insecta;Lepidoptera;Hepialidae;Abantiades;Abantiades labyrinthicus
EF607335.1	Eukaryota;Chordata;Actinopteri;Carangiformes;Carangidae;Atule;Atule mate
KR596184.1	Eukaryota;Arthropoda;Insecta;Diptera;Anthomyiidae;Hylemya;Hylemya sp. BOLD-2016
FJ606607.1	Eukaryota;Arthropoda;Insecta;Coleoptera;Lucanidae;Lucanus;Lucanus formosanus
MF057462.1	Eukaryota;Chordata;Mammalia;Primates;Hominidae;Homo;Homo sapiens
KR037322.1	Eukaryota;Arthropoda;Insecta;Hemiptera;Cicadellidae;Macrosteles;Macrosteles quadrilineatus
HM416522.1	Eukaryota;Arthropoda;Insecta;Lepidoptera;Pieridae;Itaballia;Itaballia demophile
KF369530.1	Eukaryota;Arthropoda;Insecta;Odonata;Argiolestidae;Pyrrhargiolestes;Pyrrhargiolestes cf. sidonia BOLD:ACF9968
KT695980.1	Eukaryota;Arthropoda;Insecta;Hymenoptera;Formicidae;Crematogaster;Crematogaster rochai
KP038250.1	Eukaryota;Arthropoda;Insecta;Diptera;Tabanidae;Hybomitra;Hybomitra illota
KR509730.1	Eukaryota;Arthropoda;Insecta;Diptera;Muscidae;Phaonia;Phaonia luteva
KP043432.1	Eukaryota;Arthropoda;Insecta;Diptera;Fanniidae;Fannia;Fannia sp. BOLD:AAJ0306
KR495192.1	Eukaryota;Arthropoda;Insecta;Diptera;Cecidomyiidae;NA;Cecidomyiidae sp. BOLD-2016
KR414072.1	Eukaryota;Arthropoda;Insecta;Hymenoptera;Ichneumonidae;Ichneumon;Ichneumon sp. BOLD:ABY7673
HG932309.1	Eukaryota;Mollusca;Gastropoda;NA;Lymnaeidae;Lymnaea;Lymnaea stagnalis
JQ921340.1	Eukaryota;Arthropoda;Malacostraca;Isopoda;Asellidae;Proasellus;Proasellus sp. n. Aquerreta
KR896667.1	Eukaryota;Arthropoda;Insecta;Hymenoptera;Ichneumonidae;Dusona;Dusona minor
HM408499.1	Eukaryota;Arthropoda;Insecta;Lepidoptera;NA;NA;Lepidoptera sp. BOLD:AAB0618
