AJ315517.1	Eukaryota;Mucoromycota;Glomeromycetes;Glomerales;Glomeraceae;Septoglomus;Septoglomus constrictum
NR_043089.1	Archaea;Euryarchaeota;Methanomicrobia;Methanosarcinales;Methanosarcinaceae;Methanomethylovorans;Methanomethylovorans thermophila
KX685578.1	Bacteria;Actinobacteria;Actinobacteria;Streptomycetales;Streptomycetaceae;Streptomyces;Streptomyces sp.
FJ471646.1	Bacteria;Fusobacteria;Fusobacteriia;Fusobacteriales;Fusobacteriaceae;Fusobacterium;Fusobacterium nucleatum
EU982337.1	Bacteria;Proteobacteria;Gammaproteobacteria;Alteromonadales;Pseudoalteromonadaceae;Pseudoalteromonas;Pseudoalteromonas sp. UST050418-023
HQ663923.1	Bacteria;Actinobacteria;Actinobacteria;Micrococcales;Microbacteriaceae;Microbacterium;Microbacterium esteraromaticum
