LC034115.1	Bacteria;Proteobacteria;Alphaproteobacteria;Caulobacterales;Caulobacteraceae;Brevundimonas;Brevundimonas sp.RP2
KM253192.1	Bacteria;Proteobacteria;Alphaproteobacteria;Sphingomonadales;Sphingomonadaceae;Sphingomonas;Sphingomonas sp. ST 6-01
AY326060.1	Eukaryota;Chordata;Amphibia;Anura;Rhacophoridae;Rhacophorus;Rhacophorus monticola
MF347933.1	Bacteria;Firmicutes;Bacilli;Bacillales;Bacillaceae;Bacillus;Bacillus aryabhattai
EU841708.1	Bacteria;Actinobacteria;Actinobacteria;Streptomycetales;Streptomycetaceae;Streptomyces;Streptomyces anulatus
KC884644.1	Bacteria;Proteobacteria;Gammaproteobacteria;Vibrionales;Vibrionaceae;Vibrio;Vibrio ichthyoenteri
KF863809.1	Bacteria;Firmicutes;Bacilli;Bacillales;Bacillaceae;Bacillus;Bacillus sp. hb9
FJ161218.1	Bacteria;Proteobacteria;Gammaproteobacteria;Alteromonadales;Pseudoalteromonadaceae;Pseudoalteromonas;Pseudoalteromonas sp. D2208
KR150879.1	Bacteria;Tenericutes;Mollicutes;Acholeplasmatales;Acholeplasmataceae;Candidatus Phytoplasma;Tomato big bud phytoplasma
FJ869047.1	Bacteria;Proteobacteria;Alphaproteobacteria;Rhodobacterales;NA;NA;Rhodobacterales bacterium CB1051
JF756127.1	Bacteria;Firmicutes;Bacilli;Bacillales;Staphylococcaceae;Staphylococcus;Staphylococcus pasteuri
AY357215.1	Eukaryota;Streptophyta;NA;Cucurbitales;Cucurbitaceae;Citrullus;Citrullus lanatus
L19921.1	Archaea;Euryarchaeota;Thermococci;Thermococcales;Thermococcaceae;Pyrococcus;Pyrococcus abyssi
KU534597.1	Bacteria;Proteobacteria;Acidithiobacillia;Acidithiobacillales;Acidithiobacillaceae;Acidithiobacillus;Acidithiobacillus caldus
GQ422732.1	Bacteria;Fusobacteria;Fusobacteriia;Fusobacteriales;Leptotrichiaceae;Leptotrichia;Leptotrichia sp. oral taxon 225
KF734434.1	Bacteria;Actinobacteria;Actinobacteria;Streptomycetales;Streptomycetaceae;Streptomyces;Streptomyces sp. MML2603
