KY753367.1	Bacteria;Firmicutes;Bacilli;Bacillales;Bacillaceae;Bacillus;Bacillus anthracis
KY608836.1	Bacteria;Firmicutes;Bacilli;Bacillales;Bacillaceae;Bacillus;Bacillus halotolerans
KR904899.1	Eukaryota;Chlorophyta;Trebouxiophyceae;Chlorellales;Chlorellaceae;Chlorella;Chlorella sp. LRB-AZ1221
GQ859622.1	Bacteria;Cyanobacteria;NA;Nostocales;Aphanizomenonaceae;Dolichospermum;Dolichospermum flos-aquae
KJ011650.1	Eukaryota;Bacillariophyta;Bacillariophyceae;Cymbellales;Gomphonemataceae;Gomphonema;Gomphonema affine
KT343636.1	Bacteria;Proteobacteria;Alphaproteobacteria;Holosporales;Candidatus Paracaedibacteraceae;Candidatus Finniella;Candidatus Finniella inopinata
KY585992.1	Bacteria;Actinobacteria;Actinobacteria;Streptomycetales;Streptomycetaceae;Streptomyces;Streptomyces galbus
U20149.1	Archaea;Euryarchaeota;Methanomicrobia;Methanosarcinales;Methanosarcinaceae;Methanohalobium;Methanohalobium evestigatum
EU438924.1	Bacteria;Proteobacteria;Gammaproteobacteria;Alteromonadales;Pseudoalteromonadaceae;Pseudoalteromonas;Pseudoalteromonas sp. QJJN27
EU855783.1	Bacteria;Proteobacteria;Alphaproteobacteria;Sphingomonadales;Sphingomonadaceae;Sphingomonas;Sphingomonas sp. PCNB-24
