KF424286.1	Bacteria;Bacteroidetes;Sphingobacteriia;Sphingobacteriales;Sphingobacteriaceae;Pedobacter;Pedobacter sp. OS312
EU382222.1	Bacteria;Proteobacteria;Alphaproteobacteria;Caulobacterales;Caulobacteraceae;Brevundimonas;Brevundimonas sp. E13
KU163334.1	Bacteria;Proteobacteria;Betaproteobacteria;Burkholderiales;Comamonadaceae;Comamonas;Comamonas sp. YANG-6
NR_149179.1	Bacteria;Deinococcus-Thermus;Deinococci;Deinococcales;Deinococcaceae;Deinococcus;Deinococcus puniceus
EU221617.1	Bacteria;Proteobacteria;Gammaproteobacteria;Pseudomonadales;Pseudomonadaceae;Pseudomonas;Pseudomonas sp. pah3
KT000419.1	Bacteria;Proteobacteria;Gammaproteobacteria;Enterobacterales;Yersiniaceae;Serratia;Serratia marcescens
MG266401.1	Bacteria;Proteobacteria;Gammaproteobacteria;Pseudomonadales;Pseudomonadaceae;Pseudomonas;Pseudomonas sp.
KU560393.1	Bacteria;Actinobacteria;Actinobacteria;Micrococcales;Bogoriellaceae;Georgenia;Georgenia sp. MCCC 1A10722
AB126045.2	Eukaryota;Basidiomycota;Agaricostilbomycetes;Agaricostilbales;Ruineniaceae;Ruinenia;Ruinenia pyrrosiae
JX566560.1	Bacteria;Firmicutes;Bacilli;Bacillales;Bacillaceae;Bacillus;Bacillus sp. 2049
FJ380959.1	Bacteria;Proteobacteria;Betaproteobacteria;Burkholderiales;Oxalobacteraceae;Massilia;Massilia haematophila
KU195408.1	Bacteria;Actinobacteria;Actinobacteria;Streptomycetales;Streptomycetaceae;Streptomyces;Streptomyces sp. DBT121
