KJ016054.1	Bacteria;Proteobacteria;Gammaproteobacteria;Pseudomonadales;Moraxellaceae;Acinetobacter;Acinetobacter sp. Pao58
KX548074.1	Bacteria;Proteobacteria;Gammaproteobacteria;Alteromonadales;Idiomarinaceae;Aliidiomarina;Aliidiomarina soli
AB125107.1	Archaea;Euryarchaeota;Halobacteria;Natrialbales;Natrialbaceae;Natronolimnobius;Natronolimnobius baerhuensis
KR186117.1	Eukaryota;Apicomplexa;Coccidia;Eucoccidiorida;Sarcocystidae;Sarcocystis;Sarcocystis fusiformis
JF488445.1	Bacteria;Proteobacteria;Gammaproteobacteria;NA;NA;NA;gamma proteobacterium SCGC AAA076-K13
LC230101.1	Bacteria;Actinobacteria;Actinobacteria;Streptomycetales;Streptomycetaceae;Streptomyces;Streptomyces sp. H16 LR-2017
JQ697595.1	Bacteria;Proteobacteria;Alphaproteobacteria;Rhizobiales;Bradyrhizobiaceae;Bradyrhizobium;Bradyrhizobium sp. RITF 1105
KC137550.1	Eukaryota;Microsporidia;NA;NA;Pleistophoridae;Heterosporis;Heterosporis sp. NBDP-2013b
EU158300.1	Bacteria;Proteobacteria;Deltaproteobacteria;Myxococcales;Myxococcaceae;Myxococcus;Myxococcus sp. HBUM 92080
L76152.1	Eukaryota;Basidiomycota;Tremellomycetes;Tremellales;Rhynchogastremataceae;Papiliotrema;Papiliotrema laurentii
JN872541.1	Bacteria;Proteobacteria;Gammaproteobacteria;Pseudomonadales;Pseudomonadaceae;Pseudomonas;Pseudomonas sp. SAP50_1
KP453270.1	Bacteria;Proteobacteria;Gammaproteobacteria;Pseudomonadales;Pseudomonadaceae;Pseudomonas;Pseudomonas aeruginosa
GQ167671.1	Bacteria;Proteobacteria;Epsilonproteobacteria;Campylobacterales;Campylobacteraceae;Campylobacter;Campylobacter coli
