AJ224610.1	Bacteria;Proteobacteria;Alphaproteobacteria;NA;NA;NA;alpha proteobacterium 5Z2111
FJ225168.1	Bacteria;Proteobacteria;Gammaproteobacteria;Pseudomonadales;Pseudomonadaceae;Pseudomonas;Pseudomonas sp. TAD016
JQ229694.1	Bacteria;Actinobacteria;Actinobacteria;Micrococcales;Micrococcaceae;Micrococcus;Micrococcus sp. JR5-3
KU551183.1	Bacteria;Firmicutes;Bacilli;Bacillales;Bacillaceae;Bacillus;Bacillus subtilis
CR700002.2	Eukaryota;Chordata;Actinopteri;Tetraodontiformes;Tetraodontidae;Tetraodon;Tetraodon nigroviridis
KC902436.1	Bacteria;Proteobacteria;Gammaproteobacteria;Aeromonadales;Aeromonadaceae;Aeromonas;Aeromonas hydrophila
KX880504.1	Eukaryota;Apicomplexa;Coccidia;Eucoccidiorida;Hepatozoidae;Hepatozoon;Hepatozoon canis
KT964023.1	Eukaryota;Apicomplexa;Coccidia;Eucoccidiorida;Sarcocystidae;Sarcocystis;Sarcocystis cruzi
MG571698.1	Bacteria;Proteobacteria;Gammaproteobacteria;Pseudomonadales;Pseudomonadaceae;Pseudomonas;Pseudomonas granadensis
KY408457.1	Eukaryota;Chordata;Mammalia;Primates;Hominidae;Homo;Homo sapiens
KR263064.1	Bacteria;Actinobacteria;Actinobacteria;Geodermatophilales;Geodermatophilaceae;Modestobacter;Modestobacter sp. x4y5
HQ912685.1	Eukaryota;Bacillariophyta;Fragilariophyceae;Climacospheniales;NA;Climacosphenia;Climacosphenia sp. ECT3758
KY075722.1	Bacteria;Proteobacteria;Gammaproteobacteria;Pseudomonadales;Pseudomonadaceae;Pseudomonas;Pseudomonas sp.
KJ642452.1	Bacteria;Proteobacteria;Alphaproteobacteria;Rhodobacterales;Rhodobacteraceae;Rhodobacter;Rhodobacter sp. EP_L_90
