KU715776.1	Eukaryota;NA;Spirotrichea;Tintinnida;Codonellidae;Tintinnopsis;Tintinnopsis ventricosoides
AJ010333.1	Eukaryota;Ascomycota;Saccharomycetes;Saccharomycetales;Debaryomycetaceae;Candida;Candida albicans
JF903635.1	Eukaryota;Annelida;Polychaeta;Phyllodocida;Syllidae;Salvatoria;Salvatoria kerguelensis
KJ009386.1	Eukaryota;Chordata;Ascidiacea;Enterogona;Didemnidae;Lissoclinum;Lissoclinum patella
AB118872.1	Eukaryota;Basidiomycota;Tremellomycetes;Tremellales;Bulleribasidiaceae;Nielozyma;Nielozyma melastomae
KU662325.1	Eukaryota;Nematoda;Enoplea;Dorylaimida;Mydonomidae;Dorylaimoides;Dorylaimoides sp. WJW-2016
Z98385.1	Eukaryota;Platyhelminthes;Cestoda;Proteocephalidea;Monticelliidae;Spatulifer;Spatulifer cf. maringaensis
FJ389898.1	Eukaryota;Cnidaria;Anthozoa;Antipatharia;Antipathidae;Leiopathes;Leiopathes sp. SCF-2009
KJ451220.1	Eukaryota;Annelida;Polychaeta;NA;Protodrilidae;Protodrilus;Protodrilus rubropharyngeus
KY554336.1	Eukaryota;Arthropoda;Insecta;Coleoptera;Hydrophilidae;Hydrobiomorpha;Hydrobiomorpha sp. D ET-2017
JQ690373.1	Eukaryota;Cnidaria;NA;Bivalvulida;Myxobolidae;Myxobolus;Myxobolus ampullicapsulatus
JN689071.1	Eukaryota;Arthropoda;Arachnida;Araneae;Dysderidae;Harpactocrates;Harpactocrates sp. LBB-2011
AB008411.1	Eukaryota;Ascomycota;Eurotiomycetes;Eurotiales;Aspergillaceae;Aspergillus;Aspergillus versicolor
AY051088.1	Eukaryota;NA;Dinophyceae;Suessiales;Symbiodiniaceae;Symbiodinium;Symbiodinium sp.
KY657612.1	Eukaryota;Annelida;Polychaeta;Phyllodocida;Sigalionidae;Euthalenessa;Euthalenessa cf. digitata KW415
HM536068.1	Eukaryota;Basidiomycota;Agaricomycetes;Gloeophyllales;Gloeophyllaceae;Gloeophyllum;Gloeophyllum trabeum
LC086347.1	Eukaryota;Chlorophyta;Chlorophyceae;Chlamydomonadales;Astrephomenaceae;Astrephomene;Astrephomene gubernaculifera
KT894312.1	Eukaryota;Arthropoda;Arachnida;Araneae;Theridiidae;Cryptachaea;Cryptachaea riparia
AY325017.1	Eukaryota;Arthropoda;Insecta;Diptera;Asilidae;Maira;Maira sp. D034
KX816771.1	Eukaryota;Arthropoda;Insecta;Blattodea;Termitidae;Termes;Termes aff. fatalis 1 VR-2017
KC841055.1	Eukaryota;Ascomycota;Dothideomycetes;Pleosporales;Phaeosphaeriaceae;Ophiosphaerella;Ophiosphaerella korrae
AY789746.1	Eukaryota;Cnidaria;Hydrozoa;Leptothecata;Campanulariidae;Clytia;Clytia paulensis
JF913628.1	Eukaryota;Chlorophyta;Trebouxiophyceae;Microthamniales;NA;Elliptochloris;Elliptochloris marina
AF169337.1	Eukaryota;NA;Bangiophyceae;Bangiales;Bangiaceae;Bangia;Bangia fuscopurpurea
KC538223.1	Eukaryota;Arthropoda;Insecta;Coleoptera;Lycidae;Wakarumbia;Wakarumbia monacha (nomen nudum)
DQ482610.1	Eukaryota;Platyhelminthes;Trematoda;NA;Multicalycidae;Multicalyx;Multicalyx elegans
KJ011665.1	Eukaryota;Bacillariophyta;Bacillariophyceae;Cymbellales;Gomphonemataceae;Gomphonema;Gomphonema subclavatum
X77477.1	Eukaryota;NA;NA;Phaeocystales;Phaeocystaceae;Phaeocystis;Phaeocystis antarctica
KJ636313.1	Eukaryota;Nematoda;Chromadorea;Rhabditida;Heterorhabditidae;Heterorhabditis;Heterorhabditis megidis
JQ801528.1	Eukaryota;Cnidaria;NA;Bivalvulida;Sphaerosporidae;Sphaerospora;Sphaerospora angulata
AY916685.1	Eukaryota;Basidiomycota;Agaricomycetes;Agaricales;Marasmiaceae;Chaetocalathus;Chaetocalathus cf. columellifer MCA2538
KJ636379.1	Eukaryota;Nematoda;Enoplea;Dorylaimida;Actinolaimidae;Paractinolaimus;Paractinolaimus macrolaimus
KY019041.1	Eukaryota;Apicomplexa;Conoidasida;Eucoccidiorida;Sarcocystidae;Sarcocystis;Sarcocystis linearis
AM713407.1	Eukaryota;Mucoromycota;Glomeromycetes;Diversisporales;Diversisporaceae;Diversispora;Diversispora eburnea
JX556780.1	Eukaryota;Arthropoda;Insecta;Hemiptera;Delphacidae;Tropidocephala;Tropidocephala sp. NS-2013
KY610851.1	Eukaryota;Cnidaria;Scyphozoa;Semaeostomeae;Pelagiidae;Pelagia;Pelagia sp. 1 LGD-2017
AF331952.1	Eukaryota;Basidiomycota;Tremellomycetes;Tremellales;Cryptococcaceae;Cryptococcus;Cryptococcus sp. YY1
AB818523.1	Eukaryota;Arthropoda;Arachnida;Sarcoptiformes;Hydrozetidae;Hydrozetes;Hydrozetes confervae
EF632470.1	Eukaryota;Tardigrada;Eutardigrada;Parachela;Macrobiotidae;Macrobiotus;Macrobiotus sp. CJS-2007b
AF113718.1	Eukaryota;Ascomycota;Lecanoromycetes;Baeomycetales;Baeomycetaceae;Baeomyces;Baeomyces rufus
AB208110.1	Eukaryota;Ascomycota;Sordariomycetes;Hypocreales;Ophiocordycipitaceae;Tolypocladium;Tolypocladium cylindrosporum
