JN679855.1	Bacteria;Proteobacteria;Gammaproteobacteria;Pseudomonadales;Pseudomonadaceae;Pseudomonas;Pseudomonas putida
AY598618.2	Eukaryota;NA;Oomycetes;Pythiales;Pythiaceae;Pythium;Pythium oligandrum
CP014231.1	Bacteria;Fusobacteria;Fusobacteriia;Fusobacteriales;Leptotrichiaceae;Leptotrichia;Leptotrichia sp. oral taxon 847
AY332149.1	Bacteria;Actinobacteria;Actinobacteria;Micrococcales;Microbacteriaceae;Microbacterium;Microbacterium sp. GWS-SE-H100
KJ786453.1	Bacteria;Proteobacteria;Alphaproteobacteria;Rhodobacterales;Rhodobacteraceae;Sulfitobacter;Sulfitobacter sp. B13
HQ659976.1	Eukaryota;Mollusca;Gastropoda;NA;Onchidiidae;Peronia;Peronia cf. peronii BD-2011
