KM361916.1	Bacteria;Thermotogae;Thermotogae;Thermotogales;Thermotogaceae;Thermotoga;Thermotoga sp. FA003
JX441326.1	Bacteria;Proteobacteria;Gammaproteobacteria;Pseudomonadales;Pseudomonadaceae;Pseudomonas;Pseudomonas fluorescens
AJ581987.1	Bacteria;Proteobacteria;Gammaproteobacteria;Pseudomonadales;Pseudomonadaceae;Pseudomonas;Pseudomonas putida
KM576857.2	Bacteria;Proteobacteria;Gammaproteobacteria;Xanthomonadales;Xanthomonadaceae;Lysobacter;'Lysobacter humi' Akter et al. 2016
AF222592.1	Eukaryota;Chordata;Aves;Galliformes;Phasianidae;Tetrao;Tetrao parvirostris
HM352372.1	Bacteria;Firmicutes;Bacilli;Bacillales;Bacillaceae;Bacillus;Bacillus sp. HaLB6
KY629938.1	Bacteria;Actinobacteria;Actinobacteria;Micrococcales;Cellulomonadaceae;Cellulomonas;Cellulomonas sp.
