EU940043.1	Eukaryota;Ascomycota;Leotiomycetes;Helotiales;Helotiaceae;Discinella;Discinella schimperi
HQ404367.1	Eukaryota;Nematoda;Enoplea;Dorylaimida;Nordiidae;Enchodelus;Enchodelus sardashtensis
EU336074.1	Eukaryota;Arthropoda;Insecta;Siphonaptera;Ctenophthalmidae;Neopsylla;Neopsylla bidentatiformis
KM460879.1	Eukaryota;Mollusca;Bivalvia;Ostreoida;Ostreidae;Crassostrea;Crassostrea nippona
KM590567.1	Eukaryota;NA;Synurophyceae;Synurales;Mallomonadaceae;Synura;Synura glabra
AF514521.1	Eukaryota;Arthropoda;Insecta;Orthoptera;Gryllotalpidae;Gryllotalpa;Gryllotalpa sp. MCJ-2002
EF514915.1	Eukaryota;Nematoda;Chromadorea;Rhabditida;Angiostrongylidae;Angiostrongylus;Angiostrongylus dujardini
JN619312.1	Eukaryota;Arthropoda;Insecta;Coleoptera;Staphylinidae;Placusa;Placusa tachyporoides
JQ435184.1	Eukaryota;Arthropoda;Arachnida;Opiliones;Zalmoxidae;Zalmoxis;Zalmoxis sabazios
KY596043.1	Eukaryota;NA;Oligohymenophorea;Mobilida;Trichodinidae;Trichodina;Trichodina domerguei
JF297967.1	Eukaryota;Chordata;Actinopteri;Siluriformes;Clariidae;Tanganikallabes;Tanganikallabes sp. JW-2012
AM920368.1	Eukaryota;Streptophyta;Zygnemophyceae;Desmidiales;Desmidiaceae;Cosmarium;Cosmarium subcrenatum
EF550397.1	Eukaryota;Ascomycota;Saccharomycetes;Saccharomycetales;Pichiaceae;Brettanomyces;Brettanomyces nanus
KM588834.1	Eukaryota;Chordata;Chondrichthyes;Carcharhiniformes;Triakidae;Mustelus;Mustelus antarcticus
KJ142323.1	Eukaryota;Apicomplexa;Aconoidasida;NA;Babesiidae;Babesia;Babesia gibsoni
JX178892.1	Eukaryota;NA;Spirotrichea;Tintinnida;Codonellidae;Tintinnopsis;Tintinnopsis sp. JG-2011a
JX178176.1	Eukaryota;NA;NA;Kinetoplastida;Trypanosomatidae;Trypanosoma;Trypanosoma cf. cervi PJH-2013
KF478629.1	Eukaryota;Arthropoda;Malacostraca;Amphipoda;Gammaridae;Echinogammarus;Echinogammarus anisocheirus
FJ943440.1	Eukaryota;Arthropoda;Malacostraca;Decapoda;Alpheidae;Betaeus;Betaeus harrimani
KR527284.1	Eukaryota;NA;Dinophyceae;Noctilucales;Noctilucaceae;Noctiluca;Noctiluca scintillans
DQ678695.1	Eukaryota;Chordata;Actinopteri;Perciformes;Sebastidae;Sebastes;Sebastes joyneri
