GU214697.1	Eukaryota;Ascomycota;Dothideomycetes;Capnodiales;Mycosphaerellaceae;Septoria;Septoria convolvuli
KF913249.1	Eukaryota;Ascomycota;Eurotiomycetes;Eurotiales;Aspergillaceae;Aspergillus;Aspergillus fumigatus
AY173002.1	Eukaryota;NA;NA;Longamoebia;Acanthamoebidae;Acanthamoeba;Acanthamoeba sp. KA/MSG1
KY791324.1	Eukaryota;Arthropoda;Arachnida;Araneae;Amaurobiidae;Draconarius;Draconarius pseudospiralis
AB087119.1	Eukaryota;Phaeophyceae;NA;Dictyotales;Dictyotaceae;Lobophora;Lobophora variegata
