AF197582.1	Eukaryota;Streptophyta;NA;Ceratophyllales;Ceratophyllaceae;Ceratophyllum;Ceratophyllum submersum
GU939703.1	Bacteria;Proteobacteria;Gammaproteobacteria;Pseudomonadales;Pseudomonadaceae;Pseudomonas;Pseudomonas sp. GDb1
KX196282.1	Bacteria;Actinobacteria;Actinobacteria;Corynebacteriales;Nocardiaceae;Rhodococcus;Rhodococcus sp.
CP006556.1	Eukaryota;Ascomycota;Saccharomycetes;Saccharomycetales;Saccharomycetaceae;Saccharomyces;Saccharomyces cerevisiae
KF709694.1	Bacteria;Firmicutes;Bacilli;Lactobacillales;Lactobacillaceae;Pediococcus;Pediococcus pentosaceus
KY409941.1	Eukaryota;Chordata;Mammalia;Primates;Hominidae;Homo;Homo sapiens
JX290447.1	Bacteria;Bacteroidetes;Flavobacteriia;Flavobacteriales;Flavobacteriaceae;Flavobacterium;Flavobacterium sp. CGMCC 1.06442
AF436887.1	Eukaryota;NA;Ichthyosporea;NA;NA;Capsaspora;Capsaspora owczarzaki
LN909375.1	Bacteria;Proteobacteria;Alphaproteobacteria;Rhodobacterales;Rhodobacteraceae;Ruegeria;Ruegeria sp. AU107A_Ted3_MB
JN990602.1	Bacteria;Firmicutes;Bacilli;Bacillales;Bacillaceae;Bacillus;Bacillus megaterium
AF285919.1	Eukaryota;Chordata;Actinopteri;Labriformes;Labridae;Halichoeres;Halichoeres chrysus
EF382695.1	Bacteria;Proteobacteria;Gammaproteobacteria;Alteromonadales;Pseudoalteromonadaceae;Pseudoalteromonas;Pseudoalteromonas sp. BSi20581
